PMCID,ID,Label,Selected Text,Start,End,Valid Prompt
./text_files/HP_wiki_39_37,2113,True,The Wizarding World of Harry Potter (Universal Studios Hollywood),-65,0,True
./text_files/HP_wiki_39_37,2113,True,THE WIZARDING WORLD OF HARRY POTTER (UNIVERSAL STUDIOS HOLLYWOOD),1,67,True
./text_files/HP_wiki_39_37,2113,True,"The Wizarding World of Harry Potter is a themed area at Universal Studios Hollywood theme park near Los Angeles, California.",67,192,True
./text_files/HP_wiki_39_37,2113,True,that Universal Studios Hollywood was going to add their version of Islands of Adventure's Wizarding World of Harry Potter.,2568,2691,True
./text_files/HP_wiki_39_37,2113,True,Universal Studios Hollywood announced The Wizarding World of Harry Potter.,2977,3052,True
./text_files/HP_wiki_39_37,2113,True,"Universal Parks & Resorts executives Tom Williams and Ron Meyer were accompanied by Warner Bros. executives, the Governor of California Jerry Brown as well as James and Oliver Phelps who played the Weasley twins in the films.",3053,3279,True
./text_files/HP_wiki_39_37,2113,True,"The Wizarding World of Harry Potter (Universal Orlando Resort)

* The Wizarding World of Harry Potter (Universal Studios Japan)",5092,5220,True
