PMCID,ID,Label,Selected Text,Start,End,Valid Prompt
./text_files/IF_wiki_60_115,3247,True,(season 5),-10,0,True
./text_files/IF_wiki_60_115,3247,True,(SEASON 5),22,32,True
./text_files/IF_wiki_60_115,3247,True,fifth,36,43,True
./text_files/IF_wiki_60_115,3247,True,the fourth season premiered in 2013.,344,380,True
./text_files/IF_wiki_60_115,3247,True,season five,610,621,True
./text_files/IF_wiki_60_115,3247,True,as season four,805,820,True
./text_files/IF_wiki_60_115,3247,True,Netflix was in discussions for a fifth season.,969,1015,True
./text_files/IF_wiki_60_115,3247,True,"there is a strong possibility of a fifth season. ""It's just a matter of when.""",1118,1197,True
./text_files/IF_wiki_60_115,3247,True,confirmed that a fifth season was in development and would consist of 17 episodes.,1244,1327,True
./text_files/IF_wiki_60_115,3247,True,"Jason Bateman contradicted this in February 2016, however, and said regarding a fifth season, ""There is no plan. I haven't heard of anything solid going forward."" However, in January 2017, Grazer again confirmed a fifth season plan, stating that all of the original series actors are on board for a new season, with an official deal expected to be made ""within a couple of weeks"".",1327,1707,True
./text_files/IF_wiki_60_115,3247,True,"Netflix confirmed on May 17, 2017, that a fifth season, featuring the full cast from the show, had been ordered and would be expected to be released on their service in 2018.",1708,1883,True
./text_files/IF_wiki_60_115,3247,True,"Production began in August 2017, with 17 episodes planned for the fifth season.",1883,1963,True
./text_files/IF_wiki_60_115,3247,True,"within season 5, and the show's team has stood in support of Tambor since then. On May 7, 2018, it was announced that the fifth season would premiere on May 29, 2018, and the season's trailer was released. To promote the fifth season, two versions of the Bluth Real Estate Stair car, featuring the hashtag #AD5 and the website",2170,2497,True
./text_files/IF_wiki_60_115,3247,True,five episodes from the fifth season.,2625,2661,True
./text_files/IF_wiki_60_115,3247,True,over season four.,4509,4527,True
./text_files/IF_wiki_60_115,3247,True,to the fourth season.,4901,4923,True
./text_files/IF_wiki_60_115,3247,True,of the fourth season,5116,5136,True
./text_files/IF_wiki_60_115,3247,True,"second Netflix season was ""much, much better,"" than the first, believing that once the show ""hits its stride, it evokes its glory days,"" overall being a ""welcome return to form"".",5414,5592,True
