PMCID,ID,Label,Selected Text,Start,End,Valid Prompt
./text_files/HP_wiki_39_37,2113,True,"The Wizarding World of Harry Potter is a themed area at Universal Studios Hollywood theme park near Los Angeles, California.",67,191,True
./text_files/HP_wiki_39_37,2113,True,The attraction—the second Harry Potter-themed area to exist at a Universal resort—was designed by Universal Creative from an exclusive license with Warner Bros. Entertainment.,315,490,True
./text_files/HP_wiki_39_37,2113,True,"After the successful debut of a similarly-themed area at Universal Orlando Resort, Universal Parks & Resorts announced the construction of a second Wizarding World of Harry Potter on December 6, 2011. The Wizarding World of Harry Potter officially began operation on April 7, 2016.",491,772,True
./text_files/HP_wiki_39_37,2113,True,PREVIOUS UNIVERSAL HARRY POTTER ATTRACTIONS,784,827,True
./text_files/HP_wiki_39_37,2113,True,"Section::::Previous Universal Harry Potter attractions.

A Harry Potter themed attraction at a Universal Studios park or a Disney park was rumored in 2003.",851,1006,True
./text_files/HP_wiki_39_37,2113,True,"In January 2007, About.com reported a rumor from a ""highly credible source"" that the Islands of Adventure park's Lost Continent area at Universal Orlando Resort was going to be re-themed ""to the stories and characters of one of the most popular children's franchises"". Other sources followed up in the next few days with unofficial confirmation that the new area would involve Harry Potter. On May 31, 2007, Universal, in partnership with Warner Bros., officially announced that the Wizarding World of Harry Potter would be added to Islands of Adventure.",1116,1670,True
./text_files/HP_wiki_39_37,2113,True,"On July 8, 2014, Universal opened an expansion to the Wizarding World at Universal Studios Florida, Diagon Alley, which was placed in the former Amity Island area of the park. This expansion also included the new ride experience: The Hogwarts Express, in which a train travels between the two Universal Florida Parks, from the Hogsmeade area to Kings Cross Station (right outside of the entrance to Diagon Alley). A week later, on July 15, 2014, Universal opened The Wizarding World at Universal Studios Japan.",1878,2388,True
./text_files/HP_wiki_39_37,2113,True,"On December 1, 2011, the Wall Street Journal reported a rumor from ""people familiar with the matter"" that Universal Studios Hollywood was going to add their version of Islands of Adventure's Wizarding World of Harry Potter. The report also detailed the possibility that Universal Parks & Resorts would open additional Harry Potter-themed areas at Universal Studios Singapore and Universal Studios Japan as well as a location in Spain. This report was widely relayed by other media sources. On December 6, 2011, Universal Studios Hollywood announced The Wizarding World of Harry Potter. Universal Parks & Resorts executives Tom Williams and Ron Meyer were accompanied by Warner Bros. executives, the Governor of California Jerry Brown as well as James and Oliver Phelps who played the Weasley twins in the films. The announcement came with very few details of what would be built, however, it did confirm that the Gibson Amphitheatre would be demolished and a re-creation of Hogwarts and Harry Potter and the Forbidden Journey would be constructed. The last show at the Gibson Amphitheatre was held on September 6, 2013 prior to its closure and subsequent demolition.",2467,3633,True
./text_files/HP_wiki_39_37,2113,True,"On April 23, 2013, NBCUniversal made the final step by receiving a unanimous vote in approval of the 25-year expansion by the county Board of Supervisors. This $1.6 billion expansion is expected to greatly boost tourism and the local entertainment industry. It will also create 30,000 jobs during the time of construction.",3634,3956,True
./text_files/HP_wiki_39_37,2113,True,"* The Wizarding World of Harry Potter (Universal Orlando Resort)

* The Wizarding World of Harry Potter (Universal Studios Japan)",5091,5219,True
