PMCID,ID,Label,Selected Text,Start,End,Valid Prompt
./text_files/HQ_wiki_12_156,2192,True,"The challenge is difficult and carries substantial health risks because the cinnamon coats and dries the mouth and throat, resulting in coughing, gagging, vomiting and inhaling of cinnamon, leading to throat irritation, breathing difficulties, and risk of pneumonia or a collapsed lung.",253,539,True
./text_files/HQ_wiki_12_156,2192,True,"The stunt can be dangerous, as there is a risk of gagging on the cinnamon, especially if it forms a clump and clogs one's airways.",1313,1443,True
./text_files/HQ_wiki_12_156,2192,True,"The usual result of this stunt is ""a coughing, gagging fit involving clouds of cinnamon"" which ""leaves some people gasping for air"".",1559,1691,True
./text_files/HQ_wiki_12_156,2192,True,"Sometimes those performing the stunt may gag, choke or cough and accidentally exhale the cinnamon through their noses, coating their skin and mucous membranes in cinnamon.",1692,1863,True
./text_files/HQ_wiki_12_156,2192,True,"The risks can be worse, even fatal.",2201,2236,True
./text_files/HQ_wiki_12_156,2192,True,"Pneumonia, inflammation and scarring of the lungs, and collapsed lungs are further risks.",2488,2578,True
./text_files/HQ_wiki_12_156,2192,True,In July 2015 a four-year-old boy died of asphyxiation after ingesting cinnamon.,2578,2657,True
