PMCID,ID,Label,Selected Text,Start,End,Valid Prompt
./text_files/BC_wiki_23_120,42,True,U.S. Highway 20 (US 20) is an east–west United States highway that stretches from the Pacific Northwest all the way to New England.,15,146,True
./text_files/BC_wiki_23_120,42,True,"The ""0"" in its route number indicates that US 20 is a coast-to-coast route.",147,222,True
./text_files/BC_wiki_23_120,42,True,This is because US 20 was not a planned coast-to-coast route while US 30 was.,874,951,True
./text_files/BC_wiki_23_120,42,True,"The highway's eastern terminus is in Boston, Massachusetts, at Kenmore Square, where it meets Route 2. Its western terminus is in Newport, Oregon, at an intersection with US 101, within a mile of the Pacific Ocean.",1045,1259,True
./text_files/BC_wiki_23_120,42,True,* Twenty West: The Great Road Across America—book about US 20,16833,16894,True
