PMCID,ID,Label,Selected Text,Start,End,Valid Prompt
./text_files/AG_wiki_63_40,1204,False,"If a player's move places the opponent's king under attack, that king is said to be in check, and the player in check is required to immediately remedy the situation. There are three possible methods to remove the king from check:

* Moving the king to an adjacent non-threatened square. A king cannot castle to get out of check.

* Interposing a piece between the king in check and the attacking piece in order to break the line of threat (not possible when the attacking piece is a knight or pawn, or when in double check).

* Capturing the attacking piece (not possible in double check, unless the king captures)

If none of these three options are possible, the player's king has been checkmated and the player loses the game.",1811,-13,True
