PMCID,ID,Label,Selected Text,Start,End,Valid Prompt
./text_files/DU_wiki_32_53,28,True,"Today, the Tofte family still owns and operates the park.",237,294,True
./text_files/DU_wiki_32_53,28,True,"Enchanted Forest was featured on the June 23, 2018 episode of Ghost Adventures.",539,618,True
./text_files/DU_wiki_32_53,28,True,"The park is open on a seasonal schedule: opening in late March, weekends only in April, daily from May to Labor Day, and then weekends only through September. Over 100,000 visitors come to the park each year.",1432,1640,True
./text_files/DU_wiki_32_53,28,True,"The Enchanted Forest is an amusement park located in Turner in the U.S. state of Oregon, next to Interstate 5 just south of Salem.",27,157,True
