PMCID,ID,Label,Selected Text,Start,End,Valid Prompt
./text_files/DH_wiki_49_9,1874,True,A war scythe or military scythe is a form of pole weapon with a curving single-edged blade with the cutting edge on the concave side of the blade,12,157,True
./text_files/DH_wiki_49_9,1874,True,"As an infantry weapon, the military scythe had practical applications both in offensive actions against enemy infantry and as a defensive measure against enemy cavalry.",989,1157,True
./text_files/DH_wiki_49_9,1874,True,"The scythe and pitchfork, farming tools, have frequently been used as a weapon by those who could not afford or did not have access to more expensive weapons such as pikes, swords, or later, guns.",1186,1383,True
./text_files/DH_wiki_49_9,1874,True,War scythes were a popular weapon of choice and opportunity of many peasant uprisings throughout history.,1825,1931,True
./text_files/DH_wiki_49_9,1874,True,"As a pole weapon, the war scythe is characterised by long range and powerful force (due to leverage)",3717,3817,True
