PMCID,ID,Label,Selected Text,Start,End,Valid Prompt
./text_files/DC_wiki_22_123,782,True,"The more trail friendly CRF's have simple air-cooled engines, and are available from 50 cc to 230 cc. The Honda CRF450R was the first in the series, followed with the CRF250R in 2004. Further down the line, the CRF450X and CRF250X bikes emerged, both designed for mostly off-road use. They are considered among the best motorcross bikes of their class, and have been a leading seller since their introduction.",385,794,True
./text_files/DC_wiki_22_123,782,True,"In 2008, the CRF230L was introduced as an entry-level dual-purpose motorcycle.",2983,3061,True
./text_files/DC_wiki_22_123,782,True,"In April 2012, the completely redesigned dual-purpose CRF250L was launched in Japan. It shares a liquid-cooled 249 cc 4-stroke DOHC single-cylinder EFI engine with the CBR250R. It is manufactured in Thailand.",3656,3864,True
./text_files/DC_wiki_22_123,782,True,"In April 2013, exactly one year after the initial launch of the CRF250L, Honda announced plans to sell a supermoto version of their dual-purpose motorcycle in Europe. The CRF250M is based on the popular dual-purpose CRF250L, with revised suspension, uprated front brake and 17-inch wheels with wider road tyres. The CRF250M adds another A2 licence-friendly machine to Honda's line-up.",4074,4458,True
