PMCID,ID,Label,Selected Text,Start,End,Valid Prompt
./text_files/AM_wiki_43_202,40,True,"The landing is celebrated as ""Columbus Day"" in the United States but the name varies on the international spectrum. In Latin America, October 12th is known as ""Día de la Raza"" or (Day of the Race).",676,874,True
./text_files/AM_wiki_43_202,40,True,"Many Italian-Americans observe Columbus Day as a celebration of their heritage, and the first such celebration was held in New York City on October 12, 1866.",2279,2436,True
./text_files/AM_wiki_43_202,40,True,"As in the mainland United States, Columbus Day is a legal holiday in the U.S. territory of Puerto Rico. In the United States Virgin Islands, the day is celebrated as both Columbus Day and ""Puerto Rico Friendship Day.""",4447,4664,True
./text_files/AM_wiki_43_202,40,True,Section::::Columbus' Legacy in the Caribbean.,12351,12396,True
