PMCID,ID,Label,Selected Text,Start,End,Valid Prompt
./text_files/HV_wiki_92_309,45,True,"Three ""mystery counters"" were added in series 2, coloured black and bearing a question mark; at the start of the game,",1511,1629,True
./text_files/HV_wiki_92_309,45,True,"At the end of each round, the lowest-scoring contestant is eliminated from the game and forfeits all their money.",2792,2905,True
./text_files/HV_wiki_92_309,45,True,"A contestant who buzzes-in with an incorrect answer loses one counter, which is placed into a penalty pot. If the pot contains any counters at the end of the round, they are all put at stake on one final toss-up open to all contestants.",3590,3826,True
./text_files/HV_wiki_92_309,45,True,"The contestant is given a jackpot counter, larger than the others used in the game and coloured gold with a red star, and chooses a zone from which to drop it into the machine. The goal of this round is to win a £10,000 jackpot by getting the counter into the win zone. The contestant is given a list of six categories and must answer one multiple-choice question from each, in any order; all questions have three answer options. For each category,",5137,5585,True
