PMCID,ID,Label,Selected Text,Start,End,Valid Prompt
./text_files/CO_wiki_97_86,2215,True,"34th Street–Penn Station is an express station on the IND Eighth Avenue Line of the New York City Subway, located at the intersection of 34th Street and Eighth Avenue in Midtown Manhattan. It is served by the ' and ' trains at all times, and by the train at all times except late nights. The station is adjacent to Pennsylvania Station, the busiest railroad station in the United States as well as a major transfer point to Amtrak, New Jersey Transit, and the Long Island Rail Road.",51,533,True
./text_files/CO_wiki_97_86,2215,True,This allows for various extra movements of trains including storage or removal of a train with mechanical problems to be sent back in the other direction. It could also be used if 34th Street functioned as a terminal station.,1299,1524,True
./text_files/CO_wiki_97_86,2215,True,"* Station Reporter — C Train

* Station Reporter — E Train",4960,5017,True
