PMCID,ID,Label,Selected Text,Start,End,Valid Prompt
./text_files/DN_wiki_62_119,48,True,"Front row 50 yard line seats are away from the sideline, which is the shortest distance of all NFL stadiums",2981,3088,True
./text_files/DN_wiki_62_119,48,True,"The new stadium seating bowl is laid out similar to that of Giants Stadium and has seating for 82,500 people,",4241,4350,True
./text_files/DN_wiki_62_119,48,True,"The total linear length of louvers is exactly 50,000 meters (50 kilometers) or 163,681 feet (31.1 miles).",2875,2980,True
./text_files/DN_wiki_62_119,48,True,The Jets then entered into a joint venture with the Giants to build a new stadium in which the two teams would be equal partners.,1698,1827,True
./text_files/DN_wiki_62_119,48,True,"As Giants Stadium approached 30 years of age, it was becoming one of the older stadiums in the NFL.",1119,1218,True
