PMCID,ID,Label,Selected Text,Start,End,Valid Prompt
./text_files/BX_wiki_87_88,143,True,"Ocular dominance, sometimes called eye preference or eyedness, is the tendency to prefer visual input from one eye to the other. It is somewhat analogous to the laterality of right- or left-handedness; however, the side of the dominant eye and the dominant hand do not always match.",-17,-17,True
./text_files/BX_wiki_87_88,143,True,"In those with anisometropic myopia (different amounts of nearsightedness between the two eyes), the dominant eye has typically been found to be the one with more myopia.",-17,-17,True
./text_files/BX_wiki_87_88,143,True,"In normal binocular vision there is an effect of parallax, and therefore the dominant eye is the one that is primarily relied on for precise positional information. This may be extremely important in sports which require aim, such as archery, darts or shooting sports.",-17,-17,True
./text_files/BX_wiki_87_88,143,True,The dominant eye has more neural connections to the brain than the other eye does.,-17,-17,True
