PMCID,ID,Label,Selected Text,Start,End,Valid Prompt
./text_files/IM_wiki_63_24,1046,True,"Nigeria have appeared in the finals of the FIFA World Cup on six occasions, the first being in 1994 where they reached the second round.",967,1104,True
./text_files/IM_wiki_63_24,1046,True,Their sixth and most recent appearance at the finals was the 2018 FIFA World Cup in Russia.,1104,1195,True
./text_files/IM_wiki_63_24,1046,True,!Nigeria scorers,2390,2406,True
./text_files/IM_wiki_63_24,1046,True,"rowspan=""4"" align=center1994rowspan=""3""Group stagealign=center3–0align=center bgcolor=""#bbffbb""WDallas Yekini, Amokachi, Amuneke",2407,2535,True
./text_files/IM_wiki_63_24,1046,True,"align=center1–2align=center bgcolor=""#ffbbbb""L FoxboroughSiasia

align=center2–0align=center bgcolor=""#bbffbb""W FoxboroughGeorge, Amokachi",2536,-30,True
./text_files/IM_wiki_63_24,1046,True,"align=center2–0align=center bgcolor=""#bbffbb""W FoxboroughGeorge, Amokachi

Round of 16align=center1–2 (aet)align=center bgcolor=""#ffbbbb""LFoxboroughAmuneke",2600,-30,True
./text_files/IM_wiki_63_24,1046,True,"Round of 16align=center1–2 (aet)align=center bgcolor=""#ffbbbb""LFoxboroughAmuneke

rowspan=""4"" align=center1998rowspan=""3""Group stagealign=center3–2align=center bgcolor=""#bbffbb""WNantesAdepoju, Zubizarreta (og), Oliseh",2674,-30,True
./text_files/IM_wiki_63_24,1046,True,"rowspan=""4"" align=center1998rowspan=""3""Group stagealign=center3–2align=center bgcolor=""#bbffbb""WNantesAdepoju, Zubizarreta (og), Oliseh

align=center1–0align=center bgcolor=""#bbffbb""W ParisIkpeba",2755,2950,True
./text_files/IM_wiki_63_24,1046,True,"align=center1–3align=center bgcolor=""#ffbbbb""L ToulouseOruma

Round of 16align=center1–4align=center bgcolor=""#ffbbbb""LSaint-DenisBabangida",2951,-30,True
./text_files/IM_wiki_63_24,1046,True,"Round of 16align=center1–4align=center bgcolor=""#ffbbbb""LSaint-DenisBabangida

rowspan=""3"" align=center2002rowspan=""3""Group stagealign=center0–1align=center bgcolor=""#ffbbbb""LIbaraki",3012,-30,True
./text_files/IM_wiki_63_24,1046,True,"rowspan=""3"" align=center2002rowspan=""3""Group stagealign=center0–1align=center bgcolor=""#ffbbbb""LIbaraki

align=center1–2align=center bgcolor=""#ffbbbb""LKobeAghahowa

align=center0–0align=center bgcolor=""#ffffbb""D Osaka",3090,-30,True
./text_files/IM_wiki_63_24,1046,True,"align=center0–0align=center bgcolor=""#ffffbb""D Osaka

rowspan=""3"" align=center2010rowspan=""3""Group stagealign=center0–1align=center bgcolor=""#ffbbbb""LJohannesburg",3254,3415,True
./text_files/IM_wiki_63_24,1046,True,"align=center1–2align=center bgcolor=""#ffbbbb""LBloemfonteinUche

align=center2–2align=center bgcolor=""#ffffbb""D DurbanUche, Yakubu (pen)",3416,-30,True
./text_files/IM_wiki_63_24,1046,True,"align=center2–2align=center bgcolor=""#ffffbb""D DurbanUche, Yakubu (pen)

rowspan=""4"" align=center2014rowspan=""3""Group stagealign=center0–0align=center bgcolor=""#ffffbb""D Curitiba",3480,-30,True
./text_files/IM_wiki_63_24,1046,True,"rowspan=""4"" align=center2014rowspan=""3""Group stagealign=center0–0align=center bgcolor=""#ffffbb""D Curitiba

align=center2–3align=center bgcolor=""#ffbbbb""LPorto AlegreMusa (2)",3552,-30,True
./text_files/IM_wiki_63_24,1046,True,"align=center2–3align=center bgcolor=""#ffbbbb""LPorto AlegreMusa (2)

Round of 16align=center0–2align=center bgcolor=""#ffbbbb""LBrasília",3658,-30,True
./text_files/IM_wiki_63_24,1046,True,"ound of 16align=center0–2align=center bgcolor=""#ffbbbb""LBrasília

rowspan=""3"" align=center2018rowspan=""3""Group stagealign=center0–2align=center bgcolor=""#ffbbbb""LKaliningrad",3726,-30,True
./text_files/IM_wiki_63_24,1046,True,"Round of 16align=center0–2align=center bgcolor=""#ffbbbb""LBrasília

rowspan=""3"" align=center2018rowspan=""3""Group stagealign=center0–2align=center bgcolor=""#ffbbbb""LKaliningrad",3725,-30,True
./text_files/IM_wiki_63_24,1046,True,"rowspan=""3"" align=center2018rowspan=""3""Group stagealign=center0–2align=center bgcolor=""#ffbbbb""LKaliningrad

align=center2–0align=center bgcolor=""#bbffbb""WVolgogradMusa (2)",3791,-30,True
./text_files/IM_wiki_63_24,1046,True,"align=center2–0align=center bgcolor=""#bbffbb""WVolgogradMusa (2)

align=center1–2align=center bgcolor=""#ffbbbb""L Saint PetersburgMoses (pen)",3899,-30,True
./text_files/IM_wiki_63_24,1046,True,"align=center1–2align=center bgcolor=""#ffbbbb""L Saint PetersburgMoses (pen)

SQUADS",3964,-30,True
./text_files/IM_wiki_63_24,1046,True,"align=center1Joseph Yoboalign=center102002, 2010 and 2014

align=center2Jay-Jay Okochaalign=center91994, 1998 and 2002",4120,-30,True
./text_files/IM_wiki_63_24,1046,True,"align=center2Jay-Jay Okochaalign=center91994, 1998 and 2002

rowspan=5 align=center3",4178,-30,True
./text_files/IM_wiki_63_24,1046,True,"rowspan=5 align=center3

Finidi Georgealign=center81994 and 1998",4238,-30,True
./text_files/IM_wiki_63_24,1046,True,"Finidi Georgealign=center81994 and 1998

Sunday Olisehalign=center81994 and 1998",4262,4341,True
./text_files/IM_wiki_63_24,1046,True,"Peter Rufaialign=center81994 and 1998

Rashidi Yekinialign=center81994 and 1998",4342,-30,True
./text_files/IM_wiki_63_24,1046,True,"Rashidi Yekinialign=center81994 and 1998

Vincent Enyeamaalign=center82002, 2010 and 2014",4380,-30,True
./text_files/IM_wiki_63_24,1046,True,"Vincent Enyeamaalign=center82002, 2010 and 2014

rowspan=4 align=center8",4421,-30,True
./text_files/IM_wiki_63_24,1046,True,"rowspan=4 align=center8

Mutiu Adepojualign=center71994 and 1998",4469,-30,True
./text_files/IM_wiki_63_24,1046,True,"Mutiu Adepojualign=center71994 and 1998

Uche Okechukwualign=center71994 and 1998",4493,-30,True
./text_files/IM_wiki_63_24,1046,True,"Uche Okechukwualign=center71994 and 1998

John Obi Mikelalign=center72014 and 2018",4533,4614,True
./text_files/IM_wiki_63_24,1046,True,"Ahmed Musaalign=center72014 and 2018

TOP GOALSCORERS",4615,-30,True
./text_files/IM_wiki_63_24,1046,True,"align=center1Ahmed Musaalign=center42014 (2) and 2018 (2)

rowspan=3 align=center2",4726,-30,True
./text_files/IM_wiki_63_24,1046,True,"rowspan=3 align=center2

Daniel Amokachialign=center21994",4784,-30,True
./text_files/IM_wiki_63_24,1046,True,"Daniel Amokachialign=center21994

Emmanuel Amunikealign=center21994",4808,4874,True
./text_files/IM_wiki_63_24,1046,True,"Kalu Uchealign=center22010

rowspan=12 align=center5",4875,-30,True
./text_files/IM_wiki_63_24,1046,True,"rowspan=12 align=center5

Finidi Georgealign=center11994",4902,4957,True
./text_files/IM_wiki_63_24,1046,True,"Rashidi Yekinialign=center11994

Mutiu Adepojualign=center11998",4989,5051,True
./text_files/IM_wiki_63_24,1046,True,"Samson Siasiaalign=center11994

Rashidi Yekinialign=center11994

Mutiu Adepojualign=center11998",4958,5051,True
./text_files/IM_wiki_63_24,1046,True,"Tijani Babangidaalign=center11998

Victor Ikpebaalign=center11998",5052,-30,True
./text_files/IM_wiki_63_24,1046,True,"Victor Ikpebaalign=center11998

Sunday Olisehalign=center11998",5086,-30,True
./text_files/IM_wiki_63_24,1046,True,"Sunday Olisehalign=center11998

Wilson Orumaalign=center11998",5117,-30,True
./text_files/IM_wiki_63_24,1046,True,"Wilson Orumaalign=center11998

Julius Aghahowaalign=center12002",5148,-30,True
./text_files/IM_wiki_63_24,1046,True,"Julius Aghahowaalign=center12002

Yakubualign=center12010",5178,5234,True
./text_files/IM_wiki_63_24,1046,True,"Peter Odemwingiealign=center12014

Victor Mosesalign=center12018",5235,-30,True
./text_files/IM_wiki_63_24,1046,True,"Victor Mosesalign=center12018

REFERENCES",5269,-30,True
