PMCID,ID,Label,Selected Text,Start,End,Valid Prompt
./text_files/GN_wiki_82_121,25,True,State law prohibits retail sale of liquor and wine between 9:00 p.m. and 6:00 a.m,1826,1907,True
./text_files/GN_wiki_82_121,25,True,", when no closing is required, and for changes in Daylight Saving Time",2908,2978,True
./text_files/GN_wiki_82_121,25,True,Meeting in special session at the call of the governo,3744,3797,True
./text_files/GN_wiki_82_121,25,True,The NMDA law was amended to permit an exception for those persons who were between ages 18 and 21 on the effective date of the law.,3990,4122,True
