PMCID,ID,Label,Selected Text,Start,End,Valid Prompt
./text_files/CA_wiki_95_123,3092,True,"The Deceased Wife's Sister's Marriage Act 1907 (7 Edw.7 c.47) was an Act of the Parliament of the United Kingdom, allowing a man to marry his dead wife's sister, which had previously been forbidden.",44,242,True
./text_files/CA_wiki_95_123,3092,True,The doctrine that such marriages were illicit was reflected in the Table of kindred and affinity in the Anglican (Church of England) Book of Common Prayer. Prohibition of marriage between certain degrees of kindred outlawed what is known as incest; prohibition between degrees of relationship by marriage (affinity) as opposed to blood (consanguinity) seems to have reflected an analogous taboo.,477,872,True
./text_files/CA_wiki_95_123,3092,True,Matthew Boulton married his deceased wife's sister in 1760.,1136,1196,True
./text_files/CA_wiki_95_123,3092,True,"Similarly Charles Austen, the younger brother of Jane Austen, married his deceased wife's sister in 1820 and remained married to her until he died in 1852.",1312,1467,True
./text_files/CA_wiki_95_123,3092,True,"The Marriage Act 1835 (5&6 Will.4 c.54), however, hardened the law into an absolute prohibition (whilst, however, validating any such marriages which had already taken place), so that such marriages could no longer take place in the United Kingdom and colonies at all (in Scotland they were prohibited by a Scottish Marriage Act of 1567). Such marriages from that date had to take place abroad: see, for example, William Holman Hunt and John Collier, both painters, who married the sisters of their deceased wives in Switzerland and in Norway respectively.",1517,2074,True
./text_files/CA_wiki_95_123,3092,True,"However, it was to be nearly 50 years before the campaign for a change in the law was successful, despite the introduction of draft legislation in Parliament on many occasions.",2865,3041,True
./text_files/CA_wiki_95_123,3092,True,"The Deceased Wife's Sister's Marriage Act 1907 (7 Edw.7 c.47) removed the prohibition (although it allowed individual clergy, if they chose, to refuse to conduct marriages which would previously have been prohibited). The Act did exactly what it said and no more; so, for example, it was not until 1921 that the Deceased Brother's Widow's Marriage Act 1921 (11 & 12 Geo.5 c.24) was passed. The Marriage (Prohibited Degrees) Relationship Act 1931 (21 & 22 Geo.5 c.31) extended the operation of the 1907 Act to allow the marriages of nieces and nephews by marriage as well.",3729,4301,True
./text_files/CA_wiki_95_123,3092,True,"All three Acts were repealed and replaced by the Marriage Enabling Act 1960 (1960 c.29), which permitted marriage with a relative of a divorced former spouse, as well as of a deceased spouse.",4301,4492,True
