PMCID,ID,Label,Selected Text,Start,End,Valid Prompt
./text_files/HP_wiki_39_37,502,True,(UNIVERSAL STUDIOS HOLLYWOOD),37,66,True
./text_files/HP_wiki_39_37,502,True,"at Universal Studios Hollywood theme park near Los Angeles, California.",119,191,True
./text_files/HP_wiki_39_37,502,True,(Universal Studios Hollywood),-30,0,True
./text_files/HP_wiki_39_37,502,True,Universal Studios Hollywood,2573,2600,True
./text_files/HP_wiki_39_37,502,True,Universal Studios Hollywood,2978,3006,True
./text_files/HP_wiki_39_37,502,True,the Governor of California Jerry Brown,3161,3201,True
./text_files/HP_wiki_39_37,502,True,Gibson Amphitheatre,3380,3399,True
./text_files/HP_wiki_39_37,502,True,Gibson Amphitheatre,3536,3555,True
