PMCID,ID,Label,Selected Text,Start,End,Valid Prompt
./text_files/JO_wiki_15_120,2242,True,Cannabis in Ireland is illegal for recreational purposes. Use for medical purposes requires case-by-case approval by the Minister for Health. A bill to legalise medical uses of cannabis passed second reading in Dáil Éireann (lower house) in December 2016.,21,276,True
./text_files/JO_wiki_15_120,2242,True,"In the Irish Free State, cannabis and cannabis resin were first prohibited by the Dangerous Drugs Act 1934, which came into force on 1 April 1937. The 1934 act replaced the Dangerous Drugs Act 1920 (a UK act passed before the Free State's creation) and fulfilled the state's obligations under the 1925 revision of the International Opium Convention, which had added Indian hemp to the list of controlled substances, and which was ratified by the Free State in 1931.",305,770,True
./text_files/JO_wiki_15_120,2242,True,"In 1968 the government set up a Working Party on Drug Abuse, whose 1971 report recommended keeping ""the legal and medical status of cannabis"" under review, and that possession of ""a small amount of cannabis"" for personal use should not be punished by imprisonment.",814,1080,True
./text_files/JO_wiki_15_120,2242,True,"The gardaí (Irish police) have a level of discretion when dealing with recreational cannabis users. To procure a conviction any cannabis seized has to be sent for analysis to the Garda Forensic Science Laboratory. This, along with the time needed to process the arrest, means that individual gardaí may decide not to arrest for small amounts, but the drug will be seized and the name of the individual will be taken. Possession of cannabis is an arrestable offense and in 2003, 53 per cent of all drug seizures and 70 per cent of all drug-related prosecutions were for cannabis. Trafficking or possession with intent to supply are serious offenses under Irish law.",1300,1964,True
./text_files/JO_wiki_15_120,2242,True,"This accounted for 11,486 of the convictions in 2016.",2037,2090,True
./text_files/JO_wiki_15_120,2242,True,There is no law against possession or sale of cannabis seeds.,2883,2944,True
./text_files/JO_wiki_15_120,2242,True,"The 1998 regulations under the Misuse of Drugs Act 1977 (as amended) listed cannabis, cannabis resin, cannabinol and its derivatives as schedule 1 drugs. For such drugs, manufacture, production, preparation, sale, supply, distribution and possession is unlawful for any purpose, except under licence from the Minister for Health.",2981,3311,True
./text_files/JO_wiki_15_120,2242,True,Licences were granted to GW Pharmaceuticals in 2002 and 2003 to allow medical trials of the cannabis extract nabiximols (Sativex) in a county Cork hospice and Waterford Regional Hospita,3311,3496,True
./text_files/JO_wiki_15_120,2242,True,"On 6 November 2013, he proposed a motion ""That Dáil Éireann calls on the Government to introduce legislation to regulate the cultivation, sale and possession of cannabis and cannabis products in Ireland"", which was defeated by 111 votes to 8. On 20 November 2013, he introduced a private member's bill, the Cannabis Regulation Bill 2013, which never got a second reading.",4076,4448,True
./text_files/JO_wiki_15_120,2242,True,"In December 2016, a private member's bill was introduced by Gino Kenny of People Before Profit to make cannabis available in Ireland for medicinal use. It passed second stage without a vote. The bill progressed to the amendments stage on 9 November 2017.",4680,4934,True
./text_files/JO_wiki_15_120,2242,True,"In June 2018, after a bill was passed to legalise cannabis in Canada, Taoiseach Leo Varadkar stated that the decriminalisation of cannabis was 'under consideration', with an expert group considering the examining the systems in jurisdictions in which cannabis has been decriminalised for recreational use.",5317,5622,True
