PMCID,ID,Label,Selected Text,Start,End,Valid Prompt
./text_files/AP_wiki_03_11,1353,False,"The water table should not be confused with the water level in a deeper well. If a deeper aquifer has a lower permeable unit that confines the upward flow, then the water level in this aquifer may rise to a level that is greater or less than the elevation of the actual water table. The elevation of the water in this deeper well is dependent upon the pressure in the deeper aquifer and is referred to as the potentiometric surface, not the water table.",1026,1479,True
./text_files/AP_wiki_03_11,1353,False,The water table may vary due to seasonal changes such as precipitation and evapotranspiration.,1502,1596,True
./text_files/AP_wiki_03_11,1353,False,"Fossil water is groundwater that has remained in an aquifer for several millennia and occurs mainly in deserts. It is non-renewable by present-day rainfall due to its depth below the surface, and any extraction causes a permanent change in the water table in such regions.",4134,4406,True
./text_files/AP_wiki_03_11,1353,False,Most crops need a water table at a minimum depth because at shallower depths the crop suffers a yield decline.,4630,4740,True
