PMCID,ID,Label,Selected Text,Start,End,Valid Prompt
./text_files/CE_wiki_23_2,644,False,"There are perhaps three hundred sign languages in use around the world today. The number is not known with any confidence; new sign languages emerge frequently through creolization and de novo (and occasionally through language planning). In some countries, such as Sri Lanka and Tanzania, each school for the deaf may have a separate language, known only to its students and sometimes denied by the school; on the other hand, countries may share sign languages, although sometimes under different names (Croatian and Serbian, Indian and Pakistani). Deaf sign languages also arise outside educational institutions, especially in village communities with high levels of congenital deafness, but there are significant sign languages developed for the hearing as well, such as the speech-taboo languages used in aboriginal Australia. Scholars are doing field surveys to identify the world's sign languages.",24,927,True
./text_files/CE_wiki_23_2,644,False,LIST OF SIGN LANGUAGES,1,23,True
./text_files/CE_wiki_23_2,644,False,List of sign languages,-22,0,True
./text_files/CE_wiki_23_2,644,False,"Deaf sign languages, which are the preferred languages of Deaf communities around the world; these include village sign languages, shared with the hearing community, and Deaf-community sign languages",982,1181,True
./text_files/CE_wiki_23_2,644,False,"Auxiliary sign languages, which are not native languages but sign systems of varying complexity, used alongside spoken languages.",1184,1313,True
./text_files/CE_wiki_23_2,644,False,"The list of deaf sign languages is sorted regionally and alphabetically, and such groupings should not be taken to imply any genetic relationships between these languages (see List of language families).",1514,1717,True
./text_files/CE_wiki_23_2,644,False,SIGN LANGUAGE LIST,1718,1736,True
./text_files/CE_wiki_23_2,644,False,CONTEMPORARY DEAF SIGN LANGUAGES,1737,1769,True
./text_files/CE_wiki_23_2,644,False,Sign language list.,1788,1807,True
./text_files/CE_wiki_23_2,644,False,Contemporary deaf sign languages.,1819,1852,True
./text_files/CE_wiki_23_2,644,False,"There are at least 25 sign languages in Africa, according to researcher Nobutaka Kamei. Some have distributions that are completely independent of those of African spoken languages. At least 13 foreign sign languages, mainly from Europe and America, have been introduced to at least 27 African nations; some of the 23 sign languages documented by Kamei have originated with or been influenced by them.",1872,2273,True
./text_files/CE_wiki_23_2,644,False,HISTORICAL DEAF SIGN LANGUAGES,2549,2579,True
./text_files/CE_wiki_23_2,644,False,Martha's Vineyard Sign Language,2582,2613,True
./text_files/CE_wiki_23_2,644,False,Old French Sign Language,2616,2640,True
./text_files/CE_wiki_23_2,644,False,Old Kent Sign Language,2676,2698,True
./text_files/CE_wiki_23_2,644,False,AUXILIARY SIGN LANGUAGES,2699,2723,True
./text_files/CE_wiki_23_2,644,False,"Australian Aboriginal sign languages (Warlpiri Sign Language, Yolngu Sign Language, etc.)",2726,2815,True
./text_files/CE_wiki_23_2,644,False,Baby Sign – using signs to assist early language development in young children.,2818,2897,True
./text_files/CE_wiki_23_2,644,False,"Contact Sign – a pidgin or contact language between a spoken language and a sign language, e.g. Pidgin Sign English (PSE).",2900,3022,True
./text_files/CE_wiki_23_2,644,False,"Curwin Hand Signs – a technique which allows musical notes to be communicated through hand signs.

* International Sign (previously known as Gestuno) – an auxiliary language used by deaf people in international settings.

* Makaton – a system of signed communication used by and with people who have speech, language or learning difficulties.

* Monastic sign language

* Plains Indian Sign Language

* Plateau Sign Language

* Signalong – international sign assisted communication techniques used to support children and adults with communication or learning difficulties",3025,3591,True
./text_files/CE_wiki_23_2,644,False,MANUAL MODES OF SPOKEN LANGUAGES,3592,3624,True
./text_files/CE_wiki_23_2,644,False,"* Cued Speech – a hand/mouth system (HMS) to render spoken language phonemes visually intelligible.

* Fingerspelling – alphabetic signs to represent the written form of a spoken language.",3635,3822,True
./text_files/CE_wiki_23_2,644,False,"* Manually Coded English

* Signing Exact English (SEE2)

* Malay

* Bahasa Malaysia Kod Tangan (BMKT)

* Speech-taboo languages

* Caucasian Sign Language

* Australian Aboriginal sign languages (though Yolŋu Sign Language does not correspond to any one language, and doubles as a language of the deaf)",3833,4130,True
./text_files/CE_wiki_23_2,644,False,"GENETIC CLASSIFICATION OF SIGN LANGUAGES

Section::::Genetic classification of sign languages.

Languages are assigned families (implying a genetic relationships between these languages) as British, Swedish (perhaps a branch of BSL), French (with branches ASL (American), Austro-Hungarian, Danish, Italian), German, Japanese, and language isolates.",4131,4477,True
./text_files/CE_wiki_23_2,644,False,"SEE ALSO

* Contact sign

* Intercultural competence

* Legal recognition of sign languages

* List of sign languages by number of native signers

* Manual alphabet

* Sign language",4478,4653,True
./text_files/CE_wiki_23_2,644,False,* Ethnologue – Deaf sign languages,4711,4745,True
./text_files/CE_wiki_23_2,644,False,"* Signes du Monde, directory for all online Sign Languages dictionaries /",4796,4869,True
