PMCID,ID,Label,Selected Text,Start,End,Valid Prompt
./text_files/CM_wiki_93_32,3228,True,"to relieve the discomfort of mouth sores and intra-articularly by proceduralists to treat various joint conditions. In nasal spray form, it is used to treat allergic rhinitis. It is a more potent derivative of triamcinolone, and is about eight times as potent as prednisone.",128,402,True
./text_files/CM_wiki_93_32,3228,True,"as an injection, to treat allergies, arthritis, eye diseases, intestinal problems, and skin diseases.",472,573,True
./text_files/CM_wiki_93_32,3228,True,"Triamcinolone acetonide as an intra-articular injectable has been used to treat a variety of musculoskeletal conditions. When applied as a topical ointment, applied to the skin, it is used to mitigate blistering from poison ivy, oak, and sumac. When combined with Nystatin, it is used to treat skin infections with discomfort from fungus, though it should not be used on the eyes, mouth, or genital area. It provides relatively immediate relief and is used before using oral prednisone. Oral and dental paste preparations are used for treating aphthous ulcers.",901,1461,True
./text_files/CM_wiki_93_32,3228,True,triamcinolone acetonide has been used to treat various eye diseases and has been found useful in reducing macular edema.,1492,1612,True
./text_files/CM_wiki_93_32,3228,True,"intramuscular injection of triamcinolone acetonide may be indicated for the control of severe or incapacitating allergic states for which conventional treatments have failed, such as asthma, atopic dermatitis, contact dermatitis, perennial or seasonal allergic rhinitis, serum sickness, and transfusion and drug hypersensitivity reactions.",1941,2281,True
./text_files/CM_wiki_93_32,3228,True,keloid size and irritation.,4359,4387,True
