PMCID,ID,Label,Selected Text,Start,End,Valid Prompt
./text_files/BH_wiki_60_0,0,True,"During ethanol fermentation, glucose and other sugars in the corn (or sugarcane or other crops) are converted into ethanol and carbon dioxide.",2616,2758,True
./text_files/BH_wiki_60_0,0,True,The resulting solution has an ethanol content of around 15%. Ethanol is subsequently isolated and purified by a combination of adsorption and distillation.,2956,3111,True
./text_files/BH_wiki_60_0,0,True,Ethanol is also produced industrially from ethylene by hydration of the double bond in the presence of a catalyst and high temperature.,3552,3687,True
./text_files/BH_wiki_60_0,0,True,Petroleum derived ethanol (synthetic ethanol) is chemically identical to bio-ethanol and can be differentiated only by radiocarbon dating.,4174,4312,True
