PMCID,ID,Label,Selected Text,Start,End,Valid Prompt
./text_files/CK_wiki_71_108,7,True,"qat, faqir",562,572,True
./text_files/CK_wiki_71_108,7,True,al-Qāhira,877,886,True
./text_files/CK_wiki_71_108,7,True,"qiana, qwerty, and tranq",1092,1117,True
./text_files/CK_wiki_71_108,7,True,Iraq,1770,1775,True
./text_files/CK_wiki_71_108,7,True,Qaqortoq,1944,1952,True
./text_files/CK_wiki_71_108,7,True,QinetiQ,2197,2205,True
./text_files/CK_wiki_71_108,7,True,buqsha,2743,2749,True
./text_files/CK_wiki_71_108,7,True,cinq,2938,2942,True
./text_files/CK_wiki_71_108,7,True,cinq,2997,3001,True
./text_files/CK_wiki_71_108,7,True,cinqfoil,3010,3018,True
./text_files/CK_wiki_71_108,7,True,coq,3200,3203,True
./text_files/CK_wiki_71_108,7,True,coq,3256,3259,True
./text_files/CK_wiki_71_108,7,True,faqih,3274,3279,True
./text_files/CK_wiki_71_108,7,True,qwerty,7418,7424,True
./text_files/CK_wiki_71_108,7,True,qiana,6223,6228,True
