PMCID,ID,Label,Selected Text,Start,End,Valid Prompt
./text_files/EH_wiki_17_65,651,False,"The square root of 3 is an irrational number. It is also known as Theodorus' constant, named after Theodorus of Cyrene, who proved its irrationality.",273,422,True
./text_files/EH_wiki_17_65,651,False,"PROOF OF IRRATIONALITY

Section::::Proof of irrationality.

This irrationality proof for the uses Fermat's method of infinite descent:

Suppose that is rational, and express it in lowest possible terms (i.e., as a fully reduced fraction) as for natural numbers and .

Therefore, multiplying by 1 will give an equal expression:

where is the largest integer smaller than . Note that both the numerator and the denominator have been multiplied by a number smaller than 1.

Through this, and by multiplying out both the numerator and the denominator, we get:

It follows that can be replaced with :

Then, can also be replaced with in the denominator:

The square of can be replaced by 3. As is multiplied by , their product equals :

Then can be expressed in lower terms than (since the first step reduced the sizes of both the numerator and the denominator, and subsequent steps did not change them) as , which is a contradiction to the hypothesis that was in lowest terms.

An alternate proof of this is, assuming with being a fully reduced fraction:

Multiplying by both terms, and then squaring both gives

Since the left side is divisible by 3, so is the right side, requiring that be divisible by 3. Then, can be expressed as :

Therefore, dividing both terms by 3 gives:

Since the right side is divisible by 3, so is the left side and hence so is . Thus, as both and are divisible by 3, they have a common factor and is not a fully reduced fraction, contradicting the original premise.",1170,2646,True
