PMCID,ID,Label,Selected Text,Start,End,Valid Prompt
./text_files/BK_wiki_91_84,4,True,Use of hydroxyzine for premedication as a sedative has no effects on tropane alkaloids,1909,1995,True
./text_files/BK_wiki_91_84,4,True,"Hydroxyzine is contraindicated for intravenous (IV) injection, as it has shown to cause hemolysis.",3088,3186,True
./text_files/BK_wiki_91_84,4,True,"Several reactions have been noted in manufacturer guidelines — deep sleep, incoordination,",4431,4522,True
./text_files/BK_wiki_91_84,4,True,entral nervous system problems such as hallucinations or confusion have been observed in rare cases,4854,4953,True
./text_files/BK_wiki_91_84,4,True,"In a comparative study with lorazepam on memory effects,",6162,6218,True
