PMCID,ID,Label,Selected Text,Start,End,Valid Prompt
./text_files/HP_wiki_39_37,2113,True,(Universal Studios Hollywood),-29,0,True
./text_files/HP_wiki_39_37,2113,True,(UNIVERSAL STUDIOS HOLLYWOOD),37,66,True
./text_files/HP_wiki_39_37,2113,True,"The Wizarding World of Harry Potter is a themed area at Universal Studios Hollywood theme park near Los Angeles, California.",67,191,True
./text_files/HP_wiki_39_37,2113,True,"After the successful debut of a similarly-themed area at Universal Orlando Resort, Universal Parks & Resorts announced the construction of a second Wizarding World of Harry Potter on December 6, 2011.",491,691,True
./text_files/HP_wiki_39_37,2113,True,UNIVERSAL,793,802,True
./text_files/HP_wiki_39_37,2113,True,"About.com reported a rumor from a ""highly credible source"" that the Islands of Adventure park's Lost Continent area at Universal Orlando Resort was going to be re-themed ""to the stories and characters of one of the most popular children's franchises"".",1133,1384,True
./text_files/HP_wiki_39_37,2113,True,"Universal opened an expansion to the Wizarding World at Universal Studios Florida, Diagon Alley, which was placed in the former Amity Island area of the park.",1895,2053,True
./text_files/HP_wiki_39_37,2113,True,"The Hogwarts Express, in which a train travels between the two Universal Florida Parks, from the Hogsmeade area to Kings Cross Station (right outside of the entrance to Diagon Alley). A week later, on July 15, 2014, Universal opened The Wizarding World at Universal Studios Japan.",2108,2388,True
./text_files/HP_wiki_39_37,2113,True,Universal Studios Hollywood was going to add their version of Islands of Adventure's Wizarding World of Harry Potter. The report also detailed the possibility that Universal Parks & Resorts would open additional Harry Potter-themed areas at Universal Studios Singapore and Universal Studios Japan as well as a location in Spain.,2573,2901,True
./text_files/HP_wiki_39_37,2113,True,Universal Studios Hollywood announced The Wizarding World of Harry Potter. Universal Parks & Resorts executives Tom Williams and Ron Meyer,2978,3116,True
./text_files/HP_wiki_39_37,2113,True,"The announcement came with very few details of what would be built, however, it did confirm that the Gibson Amphitheatre would be demolished and a re-creation of Hogwarts and Harry Potter and the Forbidden Journey would be constructed. The last show at the Gibson Amphitheatre was held on September 6, 2013 prior to its closure and subsequent demolition.",3279,3633,True
./text_files/HP_wiki_39_37,2113,True,"* The Wizarding World of Harry Potter (Universal Orlando Resort)

* The Wizarding World of Harry Potter (Universal Studios Japan)",5091,5219,True
