PMCID,ID,Label,Selected Text,Start,End,Valid Prompt
./text_files/GY_wiki_30_123,1003,True,"Citizens of do not need a visa to enter Bhutan, because the 1949 Treaty between Bhutan and India allows for free movement of people between the two nations on a reciprocal basis.

Indian citizens can obtain entry into Bhutan by air and land, and may use any of the acceptable documents mentioned below to enter Bhutan:",569,886,True
./text_files/GY_wiki_30_123,1003,True,"Citizens of the following countries do not need a visa and a booking with a licensed tour operator to visit Bhutan, provided they have a passport valid for at least six months from the date of entry.",1091,1290,True
./text_files/GY_wiki_30_123,1003,True,Holders of diplomatic or official/service passports of the following countries do not require a visa to visit Bhutan for up to 90 days.,1389,1524,True
./text_files/GY_wiki_30_123,1003,True,"All foreigners (except for citizens of Bangladesh, India, and Maldives) must obtain a visa before visiting Bhutan. If approved, they are given a visa clearance letter, and must present it at the port of entry. The visa is then stamped into their passport. Foreign tourists must use a licensed Bhutanese tour operator or one of their international partners to pre-arrange their visa and book their holiday. A daily fee is also charged for every day of stay. For most foreign tourists, it amounts to $250 a day during tourist high season, and $200 a day for low season.

Discounts also apply for minors and larger groups while surcharges exist for groups smaller than 3. The minimum daily package required for visa processing covers accommodation, food, guide and vehicle with driver. Part of it goes towards free education, free healthcare and poverty alleviation in Bhutan. Licensed tour guides accompany tourists during their trips and arrange accommodations - independent tourism by foreigners (except for citizens of Bangladesh, India, and Maldives) is prohibited.",2591,3657,True
