PMCID,ID,Label,Selected Text,Start,End,Valid Prompt
./text_files/EF_wiki_41_5,23,False,The common law doctrine of perpetual allegiance denied an individual the right to renounce obligations to his sovereign. The bonds of subjecthood were conceived in principle to be both singular and immutable,344,551,True
./text_files/EF_wiki_41_5,23,False,"In response, the U.S. government passed the Expatriation Act of 1868 and concluded various treaties, the Bancroft Treaties, recognizing the right to renounce one's citizenship.",1008,1184,True
./text_files/EF_wiki_41_5,23,False,"The Universal Declaration of Human Rights lists both the right to leave any country, including one's own (Article 13(2)) and the right to change one's nationality (Article 15(2)), which implicitly recognizes the right to renounce citizenship.",1185,1427,True
./text_files/EF_wiki_41_5,23,False,political refugees who would wish to renounce allegiance to the country from which they escaped.,2567,2663,True
