PMCID,ID,Label,Selected Text,Start,End,Valid Prompt
./text_files/AA_wiki_46_24,2807,False,"Sacrifice flies are traditionally recorded in box scores with the designation ""SF"".",609,692,True
./text_files/AA_wiki_46_24,2807,False,"As addressed within Rule 9.02(a)(1) of the Official Baseball Rules a sacrifice fly is not counted as a time at bat for the batter, though the batter is credited with a run batted in.",717,899,True
./text_files/AA_wiki_46_24,2807,False,The purpose of not counting a sacrifice fly as an at-bat is to avoid penalizing hitters for a successful action.,900,1012,True
./text_files/AA_wiki_46_24,2807,False,The sacrifice fly is one of two instances in baseball where a batter is not charged with a time at bat after putting a ball in play,1012,1144,True
