PMCID,ID,Label,Selected Text,Start,End,Valid Prompt
./text_files/BY_wiki_13_138,1744,True,"Canada has been a member of the United Nations since it was established, and has served six separate terms on the UN Security Council.",31,165,True
./text_files/BY_wiki_13_138,1744,True,"Canada has served in the UNSC for 12 years, thus ranking in the top ten of non-permanent members.",2315,2412,True
./text_files/BY_wiki_13_138,1744,True,"As of 2015, it shares the fourth place in the list of non-permanent members serving on the Council by length with Italy. This places Canada behind Brazil and Japan (first place), Argentina (second place), and Colombia, India, and Pakistan (third place).",2413,2666,True
./text_files/BY_wiki_13_138,1744,True,"Canada was elected for the following six terms: 1948–49, 1958–59, 1967–68, 1977–78, 1989–90, and 1999–2000 - once every decade. In 2010, it lost its bid for a seat in the 2010 Security Council elections to Germany and Portugal, marking the country's first failure to win a seat in the UNSC. In August 2016, Prime Minister Justin Trudeau announced that Canada would seek to return to the Council in 2021. In making the announcement, Trudeau referred to ""playing a positive and constructive role in the world"" and claimed that the UN is a ""principal forum for pursuing Canada's international objectives – including the promotion of democracy, inclusive governance, human rights, development, and international peace and security."".",2667,3396,True
