PMCID,ID,Label,Selected Text,Start,End,Valid Prompt
./text_files/BH_wiki_60_0,0,True,"Ethanol fuel has a ""gasoline gallon equivalency"" (GGE) value of 1.5, i.e. to replace the energy of 1 volume of gasoline, 1.5 times the volume of ethanol is needed.",793,956,True
./text_files/BH_wiki_60_0,0,True,"Ethanol contains approx. 34% less energy per unit volume than gasoline, and therefore in theory, burning pure ethanol in a vehicle reduces miles per US gallon 34%, given the same fuel economy, compared to burning pure gasoline.",12094,12321,True
./text_files/BH_wiki_60_0,0,True,Figures compiled in a 2007 report by National Geographic Magazine point to modest results for corn ethanol produced in the US: one unit of fossil-fuel energy is required to create 1.3 energy units from the resulting ethanol,21621,21844,True
./text_files/BH_wiki_60_0,0,True,"For instance, a separate survey reports that production of ethanol from sugarcane, which requires a tropical climate to grow productively, returns from 8 to 9 units of energy for each unit expended, as compared to corn, which only returns about 1.34 units of fuel energy for each unit of energy expended.",22121,22426,True
