PMCID,ID,Label,Selected Text,Start,End,Valid Prompt
./text_files/IF_wiki_60_115,1634,True,"The fifth season of the television comedy series Arrested Development premiered on Netflix on May 29, 2018.",33,140,True
./text_files/IF_wiki_60_115,1634,True,"Netflix confirmed on May 17, 2017, that a fifth season, featuring the full cast from the show, had been ordered and would be expected to be released on their service in 2018.",1708,1883,True
./text_files/IF_wiki_60_115,1634,True,"Production began in August 2017, with 17 episodes planned for the fifth season.",1883,1962,True
./text_files/IF_wiki_60_115,1634,True,"On May 7, 2018, it was announced that the fifth season would premiere on May 29, 2018, and the season's trailer was released.",2251,2376,True
./text_files/IF_wiki_60_115,1634,True,"To promote the fifth season, two versions of the Bluth Real Estate Stair car, featuring the hashtag #AD5 and the website voteBLUTH.com, were driven around New York City and Los Angeles.",2376,2562,True
