PMCID,ID,Label,Selected Text,Start,End,Valid Prompt
./text_files/CG_wiki_24_53,2,True,Phantom pain sensations are described as perceptions that an individual experiences relating to a limb or an organ that is not physically part of the body.,14,169,True
./text_files/CG_wiki_24_53,2,True,phantom limb sensations can also occur following nerve avulsion or spinal cord injury,264,349,True
./text_files/CG_wiki_24_53,2,True,Phantom limb sensation is any sensory phenomenon (except pain) which is felt at an absent limb or a portion of the limb.,659,779,True
./text_files/CG_wiki_24_53,2,True,It has been known that at least 80% of amputees experience phantom sensations at some time of their lives.,779,887,True
./text_files/CG_wiki_24_53,2,True,"While phantom limb sensations are experienced by those with congenital limb deficiency, spinal cord injury, and amputation, phantom limb pain occurs almost exclusively as a result of amputation.",2838,3033,True
