PMCID,ID,Label,Selected Text,Start,End,Valid Prompt
./text_files/CV_wiki_69_9,1854,False,"In reality, the spectacles merely create an optical illusion; no X-rays are involved.",112,198,True
./text_files/CV_wiki_69_9,1854,False,"X-Ray Specs consist of an outsized pair of glasses with plastic frames and white cardboard ""lenses"" printed with concentric red circles, and emblazoned with the legend ""X-RAY VISION"".",352,535,True
./text_files/CV_wiki_69_9,1854,False,"The ""lenses"" consist of two layers of cardboard with a small hole about a quarter-inch (6 millimeters) in diameter punched through both layers.",536,680,True
./text_files/CV_wiki_69_9,1854,False,"Where the images overlap, a darker image is obtained, giving the illusion that one is seeing the graphite embedded within the body of the pencil.",989,1134,True
./text_files/CV_wiki_69_9,1854,False,"The claim is untrue. Besides the unlikelihood of a safe and functional X-ray device selling for about a dollar, X-ray detectors require an X-ray generator.",1484,1639,True
./text_files/CV_wiki_69_9,1854,False,"The principle behind the illusion, as well as its use in a pair of ""spectacles"", was first patented (in the United States) in 1906 by George W. Macdonald ().",1947,2104,True
./text_files/CV_wiki_69_9,1854,False,"The devices are not portable and use a typical X-ray display screen, not goggles.",3107,3188,True
