PMCID,ID,Label,Selected Text,Start,End,Valid Prompt
./text_files/AA_wiki_16_8,2756,True,The Dodo is a fictional character appearing in Chapters 2 and 3 of the book Alice's Adventures in Wonderland by Lewis Carroll,41,167,True
./text_files/AA_wiki_16_8,2756,True,The Dodo is a caricature of the author.,195,235,True
./text_files/AA_wiki_16_8,2756,True,"In the Disney film, the Dodo plays a much greater role in the story.",1785,1854,True
./text_files/AA_wiki_16_8,2756,True,Dodo is first seen as Alice is floating on the sea in a bottle.,2216,2280,True
./text_files/AA_wiki_16_8,2756,True,"In Tim Burton's adaptation of Alice in Wonderland, the Dodo's appearance retains the subtle apparent nature from John Tenniel's illustration.",3562,3703,True
