PMCID,ID,Label,Selected Text,Start,End,Valid Prompt
./text_files/FK_wiki_36_367,10,True,"The SLA does not permit establishments to allow patrons to ""B.Y.O.B."" if the establishment does not have a license or permit to sell alcoholic beverages.",1921,2074,True
./text_files/FK_wiki_36_367,10,True,"The law also changed for liquor stores. They may now open on Sundays. (although not before noon) They must still remain closed on Christmas, all day.",3729,3878,True
./text_files/FK_wiki_36_367,10,True,A provision unique to New York requires that every license to sell wine or spirits at retail for off-premises consumption be held by a single individual who lives within a few miles of the store and holds no other such licenses in the state.,4293,4534,True
./text_files/FK_wiki_36_367,10,True,"Like every other state in the United States, driving under the influence is a crime in New York, and is subject to a great number of regulations outside of the state's alcohol laws.",7056,7238,True
