PMCID,ID,Label,Selected Text,Start,End,Valid Prompt
./text_files/GB_wiki_77_138,643,True,"A move over law is a law which requires motorists to move over and change lanes to give safe clearance to law enforcement officers, firefighters, ambulances, utility workers, and in some cases, tow-truck drivers",15,226,True
./text_files/GB_wiki_77_138,643,True,". In the past, Canada and United States have used this term to apply to two different concepts; however, this is beginning to change as Canadian provinces have begun expanding the scope of their move over laws.",226,436,True
./text_files/GB_wiki_77_138,643,True,"In Canada, move over laws require motorists, upon noticing an incoming emergency vehicle (coming from any direction) with sirens or flashing lights operating, to move to the shoulder and stop, until the vehicle has passed the vicinity.",470,706,True
./text_files/GB_wiki_77_138,643,True,"In the United States, move over laws refer to requiring drivers to give a one lane buffer to stopped emergency vehicles. For example, while driving in the right lane, if the driver sees a stopped police car, the driver is required to move one lane over to the left to give enough buffer space to avoid any potential accidents.

Move over laws were originated in the United States after a South Carolina paramedic, James D. Garcia, was struck and injured at an accident scene January 28, 1994, in Lexington. Garcia was listed at fault, leading to his work to create a law for emergency responders. South Carolina's version (SC 56-5-1538) passed in 1996, and was revised in 2002.",2407,3083,True
./text_files/GB_wiki_77_138,643,True,"After a series of similar events across the US in 2000, the US Department of Transportation and Federal Highway Administration began to address the issue of Emergency Scene Safety, and issued recommended changes for the new Manual of Uniform Traffic Control Devices (MUTCD) that finally addressed the need for improved standards and protection for emergency workers. With the further assistance of public interest groups such as the Emergency Responder Safety Institute, move over laws became standard across the US and Canada.

In the United States, move over laws are aimed at protecting emergency responders working along the roadside. All fifty states have passed the laws, which were promoted in response to increasing roadside fatalities in the line of duty. The laws require drivers, upon noticing either emergency vehicle with sirens and/or flashing lights, to move away from the vehicle by one lane, or if that is not possible, slow down to either a reasonable speed or a fixed speed below the limit as defined by local law. This includes law enforcement vehicles, fire trucks and ambulances. In New York State, drivers must use due care when approaching an emergency vehicle that displays red and/or white emergency lighting such as law enforcement vehicles, fire trucks and ambulances and also vehicles with flashing amber lighting such as tow trucks, construction vehicles and other service workers stopped along the side of the road while performing their duties. Since July 1st, 2018 in Iowa, drivers must move over or slow down for any vehicle with flashing hazard lights.",3084,4670,True
./text_files/GB_wiki_77_138,643,True,"Currently, only Washington, D.C. does not have a move over law. On June 17, 2009, Connecticut Governor M. Jodi Rell signed House Bill 5894, establishing a Move Over requirement in the state. Connecticut's Move Over law took effect on October 1, 2009.

On August 13, 2010, New York's governor signed a move over law to take effect on January 1, 2011. On January 1, 2012, the move over law was modified to include not only police, fire trucks, and ambulances, but also hazard vehicles, such as tow trucks.

Maryland's 'move over law provisions, which were approved by Governor O'Malley on May 20, 2010, came into effect on October 1, 2010. On October 1, 2012, North Carolina's newly revised move over law, which was expanded to include utility and maintenance operations, went into effect.",4671,5456,True
