PMCID,ID,Label,Selected Text,Start,End,Valid Prompt
./text_files/AT_wiki_37_0,29,True,"The museum moved into its current building located in the infield in 1976. Also on the grounds is the Brickyard Crossing Golf Resort, which originally opened as the Speedway Golf Course in 1929. The golf course has 14 holes outside the track, along the backstretch, and four holes in the infield.",2046,2342,True
./text_files/AT_wiki_37_0,29,True,Rickenbacker built a golf course in the infield.,11650,11698,True
./text_files/AT_wiki_37_0,29,True,"GOLF

Section::::Golf.

From 1960 to 1968, the Speedway Golf Course hosted a PGA Tour event, the 500 Festival Open Invitation; its earlier editions were held during the days surrounding the Indy 500 race week. In 1968, it also held an LPGA tournament, the 500 Ladies Classic in mid-June, won by Mickey Wright. A reconstruction project was completed in 1993, converting the 27-hole layout (18 holes outside, nine in the infield) to an 18-hole championship course designed by legendary golf architect Pete Dye. Renamed ""Brickyard Crossing,"" it features 14 holes outside, and four holes in the infield, with an infield lake. At par 72, it measures from the back tees with a course rating of 75.1 and a slope of 149.

A senior tour event, the Brickyard Crossing Championship, was played there from 1994 through 2000, and it has also hosted college tournaments. An LPGA event, Indy Women in Tech Championship, debuted in 2017.",32169,-28,True
