PMCID,ID,Label,Selected Text,Start,End,Valid Prompt
./text_files/IF_wiki_37_147,3,True,"Harry Potter and the Escape from Gringotts is an indoor steel roller coaster at Universal Studios Florida,",44,150,True
./text_files/IF_wiki_37_147,3,True,"Similar to dark rides, the roller coaster utilizes special effects in a controlled-lighting environment and also employs motion-based 3-D projection of both animation and live-action sequences to enhance the experience.",209,429,True
./text_files/IF_wiki_37_147,3,True,"It was later described as a ""virtual reality roller coaster"" by Entertainment Weekly as additional details were released in May 2014.",2205,2340,True
./text_files/IF_wiki_37_147,3,True,Harry Potter and the Escape from Gringotts is an indoor steel roller coaster with a track length of approximately .,2646,2762,True
./text_files/IF_wiki_37_147,3,True,"After guests board their cart, the vehicle races along the tracks,",4496,4563,True
./text_files/IF_wiki_37_147,3,True,"Their cart drops from a high altitude as security trolls climb up, pushing Bill and Blordak off the cart.",5155,5260,True
