PMCID,ID,Label,Selected Text,Start,End,Valid Prompt
./text_files/AV_wiki_33_64,996,True,"RUBBING ALCOHOL

Rubbing alcohol refers to either isopropyl alcohol (propan-2-ol) or ethanol based liquids, or the comparable British Pharmacopoeia defined surgical spirit, with isopropyl alcohol products being the most widely available. Rubbing alcohol is undrinkable even if it is ethanol based, due to the bitterants added.",1,326,True
./text_files/AV_wiki_33_64,996,True,"defines 'rubbing alcohol USP' as containing approximately 70 percent by volume of denatured alcohol. In Ireland and the UK, the comparable preparation is surgical spirit B.P., which the British Pharmacopoeia defines as 95% methylated spirit, 2.5% castor oil, 2% diethyl phthalate, and 0.5% methyl salicylate.",747,1055,True
./text_files/AV_wiki_33_64,996,True,"The term ""rubbing alcohol"" came into prominence in North America in the mid-1920s. The original rubbing alcohol was literally used as a liniment for massage; hence the name. This original rubbing alcohol was rather different from today's precisely formulated surgical spirit; in some formulations it was perfumed and included different additives, notably a higher concentration of methyl salicylate.",1699,2098,True
