PMCID,ID,Label,Selected Text,Start,End,Valid Prompt
./text_files/BW_wiki_03_98,1086,False,"Fixed assets, also known as tangible assets or property, plant and equipment (PP&E), is a term used in accounting for assets and property that cannot easily be converted into cash.",13,194,True
./text_files/BW_wiki_03_98,1086,False,"""Freehold Assets"" – assets which are purchased with legal right of ownership and used,

and ""Leasehold Assets"" – assets used by owner without legal right for a particular period of time.",584,769,True
