PMCID,ID,Label,Selected Text,Start,End,Valid Prompt
./text_files/FX_wiki_45_121,2374,True,"Hydrogen internal combustion engine vehicle

HYDROGEN INTERNAL COMBUSTION ENGINE VEHICLE

A hydrogen internal combustion engine vehicle (HICEV) is a type of hydrogen vehicle using an internal combustion engine. Hydrogen internal combustion engine vehicles are different from hydrogen fuel cell vehicles (which use electrochemical conversion of hydrogen rather than combustion); the hydrogen internal combustion engine is simply a modified version of the traditional gasoline-powered internal combustion engine.

HISTORY",-43,473,True
