PMCID,ID,Label,Selected Text,Start,End,Valid Prompt
./text_files/IK_wiki_18_440,2632,True,"SEASON 5 (2017–19)

* The episodes ""Stuck Together"", ""The Trial"", ""Off Colors"", and ""Lars' Head"" aired together as a one-hour special, under the umbrella title Wanted.

* The episodes ""Lars of the Stars"" and ""Jungle Moon"" aired together as a half-hour special, under the umbrella title Stranded.

* Episode premieres moved to Monday nights beginning with the episode ""Your Mother and Mine"".

* The episodes ""Now We're Only Falling Apart"", ""What's Your Problem"", ""The Question"", ""Made of Honor"", and ""Reunited"" aired as a five-night special event titled Heart of the Crystal Gems.

* ""Legs from Here to Homeworld"", ""Familiar"", ""Together Alone"", ""Escapism"", and ""Steven Universe: Battle of Heart and Mind"" will air as a five-week special event titled Diamond Days.",1997,2754,True
