PMCID,ID,Label,Selected Text,Start,End,Valid Prompt
./text_files/GN_wiki_82_121,25,True,"Those under the legal drinking age may be served, possess, or consume alcohol if they are with a parent, legal guardian, or spouse who is of legal drinking age.",3263,3423,True
./text_files/GN_wiki_82_121,25,True,"Those age 18-20 may also be served, possess or consume alcohol if they are with a parent, legal guardian, or spouse who is of legal drinking age.

Those age 18 to 20 may also possess (but not consume) alcohol as part of their employment.",3423,3661,True
