PMCID,ID,Label,Selected Text,Start,End,Valid Prompt
./text_files/IA_wiki_75_200,1338,True,"Expungement in Texas

EXPUNGEMENT IN TEXAS",-20,-21,True
./text_files/IA_wiki_75_200,1338,True,Expungement in Texas,22,42,True
./text_files/IA_wiki_75_200,1338,True,expungement,185,197,True
./text_files/IA_wiki_75_200,1338,True,expungement,208,220,True
./text_files/IA_wiki_75_200,1338,True,expungement,533,544,True
./text_files/IA_wiki_75_200,1338,True,expungement,728,740,True
./text_files/IA_wiki_75_200,1338,True,expungement,859,871,True
./text_files/IA_wiki_75_200,1338,True,expunged,1299,1308,True
./text_files/IA_wiki_75_200,1338,True,expungement,1437,1449,True
./text_files/IA_wiki_75_200,1338,True,expunged,1527,1535,True
./text_files/IA_wiki_75_200,1338,True,expungement,1651,1662,True
./text_files/IA_wiki_75_200,1338,True,expungement,1913,1925,True
./text_files/IA_wiki_75_200,1338,True,expungement,1763,1775,True
./text_files/IA_wiki_75_200,1338,True,expungement,2080,2092,True
./text_files/IA_wiki_75_200,1338,True,expungement,2376,2387,True
./text_files/IA_wiki_75_200,1338,True,expunction,2388,2399,True
./text_files/IA_wiki_75_200,1338,True,expungement,2502,2513,True
