PMCID,ID,Label,Selected Text,Start,End,Valid Prompt
./text_files/JC_wiki_10_224,589,True,with Jason Horwitch taking over as showrunner for season 3.,267,327,True
./text_files/JC_wiki_10_224,589,True,"On December 6, 2017, Epix renewed the series for a third season, which premiered on December 2, 2018.",605,707,True
./text_files/JC_wiki_10_224,589,True,"* Ismael Cruz Córdova as Rafael Torres (season 3), an agent for the special activities division of the CIA, previously in the military",2749,2883,True
./text_files/JC_wiki_10_224,589,True,SEASON 3 (2018–19),4046,4064,True
./text_files/JC_wiki_10_224,589,True,"On February 7, 2018, it was announced that Jason Horwitch would be joining the series as showrunner and executive producer. He will be replacing Brad Winters who had served in those positions for the show's first two seasons. For the third season, production moved to Budapest, Hungary.",4690,4976,True
