PMCID,ID,Label,Selected Text,Start,End,Valid Prompt
./text_files/AN_wiki_95_30,6,False,"In mathematics, parity is the property of an integer's inclusion in one of two categories: even or odd.",22,125,True
./text_files/AN_wiki_95_30,6,False,"By contrast, 3, 5, 7, 21 leave a remainder of 1 when divided by 2. Examples of even numbers include −4, 0, 82 and 178. In particular, zero is an even number. Some examples of odd numbers are −5, 3, 29, and 73.",280,490,True
./text_files/AN_wiki_95_30,6,False,"A number (i.e., integer) expressed in the decimal numeral system is even or odd according to whether its last digit is even or odd.",1075,1206,True
./text_files/AN_wiki_95_30,6,False,The following laws can be verified using the properties of divisibility.,1675,1747,True
