PMCID,ID,Label,Selected Text,Start,End,Valid Prompt
./text_files/CB_wiki_34_136,694,True,"the film Dirty Dancing, performed by Patrick Swayze.",71,123,True
./text_files/CB_wiki_34_136,694,True,specifically in the final chorus.,291,324,True
./text_files/CB_wiki_34_136,694,True,"soundtrack of Grandview, U.S.A. and was meant to be about Jamie Lee Curtis' character in the film.",552,650,True
./text_files/CB_wiki_34_136,694,True,"However, the song was not used in that film.",651,695,True
./text_files/CB_wiki_34_136,694,True,"During production of Dirty Dancing in 1987,",696,740,True
./text_files/CB_wiki_34_136,694,True,the soundtrack's executive producers,883,919,True
./text_files/CB_wiki_34_136,694,True,recorded for the soundtrack in November 1986,928,972,True
./text_files/CB_wiki_34_136,694,True,"like the film in which it was featured,",1013,1054,True
./text_files/CB_wiki_34_136,694,True,soundtrack album,1227,1243,True
./text_files/CB_wiki_34_136,694,True,clips from the movie Dirty Dancing. The video can be seen on the Ultimate Dirty Dancing DVD.,1650,1742,True
./text_files/CB_wiki_34_136,694,True,in the Dirty Dancing Medley on their,4661,4699,True
./text_files/CB_wiki_34_136,694,True,used in the 2017 TV movie version of Dirty Dancing.,5479,5530,True
