PMCID,ID,Label,Selected Text,Start,End,Valid Prompt
./text_files/IF_wiki_60_115,1634,True,"The fifth season of the television comedy series Arrested Development premiered on Netflix on May 29, 2018.",33,140,True
./text_files/IF_wiki_60_115,1634,True,"On July 12, 2013, Netflix was in discussions for a fifth season. In August 2014, Netflix chief content officer Ted Sarandos stated in an interview with USA Today that there is a strong possibility of a fifth season. ""It's just a matter of when."" In April 2015, executive producer Brian Grazer confirmed that a fifth season was in development and would consist of 17 episodes. Jason Bateman contradicted this in February 2016, however, and said regarding a fifth season, ""There is no plan. I haven't heard of anything solid going forward."" However, in January 2017, Grazer again confirmed a fifth season plan, stating that all of the original series actors are on board for a new season, with an official deal expected to be made ""within a couple of weeks"".",951,1707,True
./text_files/IF_wiki_60_115,1634,True,"Netflix confirmed on May 17, 2017, that a fifth season, featuring the full cast from the show, had been ordered and would be expected to be released on their service in 2018. Production began in August 2017, with 17 episodes planned for the fifth season.",1708,1962,True
./text_files/IF_wiki_60_115,1634,True,"On May 7, 2018, it was announced that the fifth season would premiere on May 29, 2018, and the season's trailer was released. To promote the fifth season, two versions of the Bluth Real Estate Stair car, featuring the hashtag #AD5 and the website voteBLUTH.com, were driven around New York City and Los Angeles.",2250,2562,True
./text_files/IF_wiki_60_115,1634,True,"Portia de Rossi, who has retired from acting, only appears in five episodes from the fifth season.",2563,2661,True
