PMCID,ID,Label,Selected Text,Start,End,Valid Prompt
./text_files/IQ_wiki_44_1,1025,True,"In 1972, Loretta Lynn became the first female artist to be honored with this award. Barbara Mandrell became the first artist to win twice.",254,392,True
./text_files/IQ_wiki_44_1,1025,True,Carrie Underwood,723,739,True
./text_files/IQ_wiki_44_1,1025,True,Miranda Lambert,805,820,True
./text_files/IQ_wiki_44_1,1025,True,Miranda Lambert,886,901,True
./text_files/IQ_wiki_44_1,1025,True,Taylor Swift,1012,1024,True
./text_files/IQ_wiki_44_1,1025,True,Taylor Swift,1091,1103,True
./text_files/IQ_wiki_44_1,1025,True,Lady Antebellum,1202,1217,True
./text_files/IQ_wiki_44_1,1025,True,Miranda Lambert,1220,1235,True
./text_files/IQ_wiki_44_1,1025,True,Loretta Lynn,4344,4356,True
./text_files/IQ_wiki_44_1,1025,True,Loretta Lynn,4201,4213,True
./text_files/IQ_wiki_44_1,1025,True,Olivia Newton-John,4132,4150,True
./text_files/IQ_wiki_44_1,1025,True,Loretta Lynn,4117,4129,True
./text_files/IQ_wiki_44_1,1025,True,Loretta Lynn,4028,4040,True
./text_files/IQ_wiki_44_1,1025,True,Dolly Parton,3977,3989,True
./text_files/IQ_wiki_44_1,1025,True,Dolly Parton,3879,3891,True
./text_files/IQ_wiki_44_1,1025,True,Crystal Gayle,3767,3780,True
./text_files/IQ_wiki_44_1,1025,True,Barbara Mandrell,3696,3712,True
./text_files/IQ_wiki_44_1,1025,True,Crystal Gayle,3680,3693,True
./text_files/IQ_wiki_44_1,1025,True,Barbara Mandrell,3411,3427,True
./text_files/IQ_wiki_44_1,1025,True,Barbara Mandrell,3343,3359,True
