PMCID,ID,Label,Selected Text,Start,End,Valid Prompt
./text_files/HV_wiki_01_79,2103,True,"Games that enable the feature provide free online play through the use of a broadband internet connection and a PlayStation 2 Network Adaptor. Since the service has no official name, it is sometimes referred as either PS2 Network Play, PS2 Network Gaming, or PS2 Online.

The service was launched in July 2001 in Japan, August 2002 in North America, and in June 2003 in Europe. On ""slimline"" models, a network adapter is integrated into the hardware. Some games also allowed online gameplay using a dial-up connection (not available on all models), or LAN play by connecting two network adapters/slimline consoles together directly with an Ethernet cable or through the same router network.",144,833,True
./text_files/HV_wiki_01_79,2103,True,"However, later PS2 online games required the console to be authorized through Sony's Dynamic Network Authentication System (DNAS) before connecting to the server.",1015,1178,True
./text_files/HV_wiki_01_79,2103,True,a network adapter was needed to play online and use a hard drive.,1986,2052,True
./text_files/HV_wiki_01_79,2103,True,"Playing online games requires that users set up the system's network connection configuration, which is saved to a memory card. This can be done with the network Startup Disk that came with the network adapter or using one of the many games that had the utility built into them",2433,2710,True
./text_files/HV_wiki_01_79,2103,True,"PAL games that supported online gaming display a WITH NET PLAY logo on their cover. North American games feature an ""Online"" icon in the lower right corner of the cover; on games that do not support dial-up connectivity, ""broadband only"" is also found on the logo.",3425,3689,True
