PMCID,ID,Label,Selected Text,Start,End,Valid Prompt
./text_files/BI_wiki_89_63,49,True,"winning three Women's World Cup titles (including the first ever Women's World Cup in 1991), four Olympic women's gold medals",226,351,True
./text_files/BI_wiki_89_63,49,True,"After being ranked No. 2 on average from 2003 to 2008 in the FIFA Women's World Rankings, the team was ranked No. 1 continuously from March 2008 to November 2014, falling back behind Germany, the only other team to occupy the No. 1 position",817,1057,True
./text_files/BI_wiki_89_63,49,True,"The team played its first match at the Mundialito tournament on August 18, 1985, coached by Mike Ryan, in which they lost 1–0 to Italy.",1693,1828,True
./text_files/BI_wiki_89_63,49,True,"In the 2003 FIFA Women's World Cup, the U.S. defeated Norway 1–0 in the quarterfinals, but lost 0–3 to Germany in the semifinals. The team then defeated Canada 3–1 to claim third place. Abby Wambach was the team's top scorer with three goals;",3518,3760,True
