PMCID,ID,Label,Selected Text,Start,End,Valid Prompt
./text_files/CJ_wiki_03_97,47,True,"HOLES-IN-ONE ON PAR 5 (OR HIGHER) HOLES

Section::::Holes-in-one on par 5 (or higher) holes.

As of October 2008, a condor (four under par) hole-in-one on a par 5 hole had been recorded on four occasions, aided by thin air at high altitude, or by cutting the corner on a doglegged or horseshoe-shaped hole. A horseshoe-shaped par 5 hole once enabled a condor hole in one to be achieved with a 3-iron club. The longest recorded straight drive hole-in-one is believed to be , on the par 5 No. 9 hole at Green Valley Ranch Golf Club in Denver in 2002, aided by the thin air due to the high altitude. None of these four par 5 holes-in-one were achieved during a professional tournament. A condor is also known as a double albatross, or a triple eagle.",3675,4420,True
