PMCID,ID,Label,Selected Text,Start,End,Valid Prompt
./text_files/AG_wiki_98_42,26,True,"Feathers are epidermal growths that form the distinctive outer covering, or plumage, on birds,",9,103,True
./text_files/AG_wiki_98_42,26,True,the most complex integumentary structures found in vertebrates and a premier example of a complex evolutionary novelty. They are among the characteristics that distinguish the extant birds from other living groups.,185,399,True
./text_files/AG_wiki_98_42,26,True,"Feathers are among the most complex integumentary appendages found in vertebrates and are formed in tiny follicles in the epidermis, or outer skin layer, that produce keratin proteins",821,1004,True
./text_files/AG_wiki_98_42,26,True,"There are two basic types of feather: vaned feathers which cover the exterior of the body, and down feathers which are underneath the vaned feathers.",1567,1716,True
./text_files/AG_wiki_98_42,26,True,"Color patterns serve as camouflage against predators for birds in their habitats, and serve as camouflage for predators looking for a meal. As with fish, the top and bottom colors may be different,",4208,4406,True
