PMCID,ID,Label,Selected Text,Start,End,Valid Prompt
./text_files/CS_wiki_36_12,1700,True,"Gopher is a fictional grey anthropomorphic gopher character who first appeared in the 1966 Disney animated film Winnie the Pooh and the Honey Tree, introducing himself as Samuel J. Gopher.",26,215,True
./text_files/CS_wiki_36_12,1700,True,Gopher was fleshed out a bit further in the television series The New Adventures of Winnie the Pooh.,460,561,True
./text_files/CS_wiki_36_12,1700,True,"Gopher (Winnie-the-Pooh)

GOPHER (WINNIE-THE-POOH)",-24,25,True
./text_files/CS_wiki_36_12,1700,True,"Gopher's most recent appearances were in A Winnie the Pooh Thanksgiving and Winnie the Pooh: A Valentine for You. He also made minor appearances in A Very Merry Pooh Year, House of Mouse and appeared in Boo to You Too! Winnie the Pooh, which was included as part of Pooh's Heffalump Halloween Movie. To date, this is Gopher's last appearance in any form of Winnie the Pooh media.

Gopher was notably absent for the 2011 film, Winnie the Pooh. Gopher did not appear in the 2018 live action film Christopher Robin, either.",1101,1620,True
./text_files/CS_wiki_36_12,1700,True,"Gopher is mentioned in the My Friends Tigger and Pooh episode ""Tigger and Pooh and a Musical Too"".",3150,3249,True
