PMCID,ID,Label,Selected Text,Start,End,Valid Prompt
./text_files/BF_wiki_64_66,17,True,"In March 2012 it was announced that four universities – Durham, Exeter, Queen Mary University of London; and York – would become members of the Russell Group in August of the same year. All of the new members had previously been members of the 1994 Group of British universities.",2642,2921,True
./text_files/BF_wiki_64_66,17,True,Durham,2698,2704,True
./text_files/BF_wiki_64_66,17,True,"Durham University

2012

17,190

1,590

10.8

Gold",4917,4962,True
./text_files/BF_wiki_64_66,17,True,"In 2008, 18 of the then 20 members were positioned in the top 20 of Research Fortnight's Research Assessment Exercise 'Power' Table. The other two places were occupied by Durham University and Queen Mary University of London, which were not then Russell Group members but have since joined.",7258,7548,True
./text_files/BF_wiki_64_66,17,True,Durham University,8709,8726,True
./text_files/BF_wiki_64_66,17,True,Durham University,9568,9585,True
./text_files/BF_wiki_64_66,17,True,"Durham University

39.4

181.7

50.3%

53.4

14.8%

361.0

33.3

9.22%

72.0

401.5",11203,11276,True
./text_files/BF_wiki_64_66,17,True,"A Durham University academic, Vikki Boliver, published a report in 2015 claiming that the prestigious position of the Russell Group was not based on evidence, but rather successful marketing.",14642,14833,True
