PMCID,ID,Label,Selected Text,Start,End,Valid Prompt
./text_files/FX_wiki_45_121,2374,True,A hydrogen internal combustion engine vehicle (HICEV) is a type of hydrogen vehicle using an internal combustion engine.,45,166,True
./text_files/FX_wiki_45_121,2374,True,Hydrogen internal combustion engine vehicles are different from hydrogen fuel cell vehicles (which use electrochemical conversion of hydrogen rather than combustion); the hydrogen internal combustion engine is simply a modified version of the traditional gasoline-powered internal combustion engine.,166,465,True
./text_files/FX_wiki_45_121,2374,True,Mazda has developed Wankel engines that burn hydrogen.,958,1013,True
./text_files/FX_wiki_45_121,2374,True,Alset GmbH developed a hybrid hydrogen systems that allows vehicle to use petrol and hydrogen fuels individually or at the same time with an internal combustion engine.,1640,1809,True
./text_files/FX_wiki_45_121,2374,True,Tuning a hydrogen engine in 1976 to produce the greatest amount of emissions possible resulted in emissions comparable with consumer operated gasoline engines from 1976.,2253,2423,True
