PMCID,ID,Label,Selected Text,Start,End,Valid Prompt
./text_files/HV_wiki_01_79,2103,True,Most recent PS2 online games have been developed to exclusively support broadband internet access.,1304,1402,True
./text_files/HV_wiki_01_79,2103,True,"However, later PS2 online games required the console to be authorized through Sony's Dynamic Network Authentication System (DNAS) before connecting to the server. Unofficial servers also exist which could be connected by setting up the DNS settings to connect to an unofficial DNS server. M",1015,1305,True
./text_files/HV_wiki_01_79,2103,True,"Some games also allowed online gameplay using a dial-up connection (not available on all models), or",594,695,True
./text_files/HV_wiki_01_79,2103,True,"Selected games on Sony's PlayStation 2 video game console offer online gaming or other online capabilities. Games that enable the feature provide free online play through the use of a broadband internet connection and a PlayStation 2 Network Adaptor. Since the service has no official name, it is sometimes referred as either PS2 Network Play, PS2 Network Gaming, or PS2 Online.",36,414,True
./text_files/HV_wiki_01_79,2103,True,PLAYSTATION 2 ONLINE FUNCTIONALITY,1,35,True
./text_files/HV_wiki_01_79,2103,True,"The last official online server, which was for Final Fantasy XI, was ultimately shut down on March 31, 2016, with the DNAS following it a couple of days later on April 4, indirectly shutting down several remaining unofficial servers, with the exception of ones that support non-DNAS PS2 titles such as and Tony Hawk's Pro Skater 3. Despite the DNAS shutdown, several fan created servers still exist; most require a DNAS workaround to connect, with some exceptions such as Call of Duty 3 and .",1403,1895,True
./text_files/HV_wiki_01_79,2103,True,"For the older models (non-Slim) of the PlayStation 2 console, a network adapter was needed to play online and use a hard drive. All versions of the Network Adapter provide an Ethernet port, while some North American versions also featured a phone-line port for dial-up connection. The newer slimline versions, however, have an Ethernet port built into them, making the Network Adapter unnecessary and hard drive use nearly impossible, as well as ruling out any need to keep the network adapter in production.",1924,2432,True
./text_files/HV_wiki_01_79,2103,True,"Playing online games requires that users set up the system's network connection configuration, which is saved to a memory card. This can be done with the network Startup Disk that came with the network adapter or using one of the many games that had the utility built into them, such as Resident Evil Outbreak, to set up the network settings.",2433,2776,True
./text_files/HV_wiki_01_79,2103,True,"However, as of December 31, 2012, the PlayStation 2 has been discontinued, and the servers for games have all since been shut down.",2975,3106,True
./text_files/HV_wiki_01_79,2103,True,"PAL games that supported online gaming display a WITH NET PLAY logo on their cover. North American games feature an ""Online"" icon in the lower right corner of the cover; on games that do not support dial-up connectivity, ""broadband only"" is also found on the logo.",3425,3689,True
./text_files/HV_wiki_01_79,2103,True,"Over time, most game servers have been shut down. However, a computer program called XLink Kai allows users to achieve online play for some PS2 games by using a network configuration that simulates a worldwide LAN; because of this only games with LAN functionality may be played in this way.",3730,4021,True
./text_files/HV_wiki_01_79,2103,True,* PlayStation Network,4031,4052,True
./text_files/HV_wiki_01_79,2103,True,Section::::LAN tunneling.,3704,3729,True
