PMCID,ID,Label,Selected Text,Start,End,Valid Prompt
./text_files/CD_wiki_43_62,2765,True,"Winners operates in Canada; and HomeSense, Marshalls, and TK Maxx operate in multiple countries.",317,413,True
./text_files/CD_wiki_43_62,2765,True,"Marshalls (United States, Canada)

* TJ Maxx (United States)",789,848,True
./text_files/CD_wiki_43_62,2765,True,T.J.Maxx.,1636,1645,True
./text_files/CD_wiki_43_62,2765,True,"Marshalls, its fifth brand. T.J.Maxx and Marshalls later became consolidated as two brands under a single division, The Marmaxx Group.",2137,2271,True
