PMCID,ID,Label,Selected Text,Start,End,Valid Prompt
./text_files/JS_wiki_25_270,18,True,"The Resident is an American medical drama television series aired by Fox Broadcasting Company that premiered on January 21, 2018",26,154,True
./text_files/JS_wiki_25_270,18,True,"NFC Championship, and as a mid-season replacement entry in the 2017–18 television season.",192,281,True
./text_files/JS_wiki_25_270,18,True,"he fictional series focuses on the lives and duties of staff members at Chastain Park Memorial Hospital, while delving into the bureaucratic practices of the hospital industry.",283,459,True
./text_files/JS_wiki_25_270,18,True,"The series revolves around the lives and actions of staff members at Chastain Park Memorial Hospital located in Atlanta, Georgia, primarily those of third-year resident internist, Conrad Hawkins",940,1134,True
./text_files/JS_wiki_25_270,18,True,"* Matt Czuchry as Conrad Hawkins: a senior resident internist at Chastain Park Memorial Hospital.

* Emily VanCamp as Nicolette ""Nic"" Nevin: a nurse practitioner at Chastain Park Memorial Hospital.",1544,1740,True
