PMCID,ID,Label,Selected Text,Start,End,Valid Prompt
./text_files/GO_wiki_17_161,32,True,The Commonwealth of Puerto Rico is a territory of the United States and Puerto Ricans are US citizens,25,126,True
./text_files/GO_wiki_17_161,32,True,"In addition, because the cutoff point for income taxation is lower than that of the US IRS code, and the per-capita income in Puerto Rico is much lower than the average",2192,2360,True
./text_files/GO_wiki_17_161,32,True,"On July 4, 2006, the government approved Law Number 117, The 2006 Contributive Justice Law, establishing a tax with a 5.5% rate at state level and an optional 1.5% rate at municipal level.",4125,4313,True
./text_files/GO_wiki_17_161,32,True,"On 2 May 2016 the House of Representatives voted to repeal the adoption of value added tax (VAT), followed shortly by the Senate on 5 May 2016. The Legislature has decided to continue the existing Sales and Use Taxation (SUT) system.",6473,6706,True
