PMCID,ID,Label,Selected Text,Start,End,Valid Prompt
./text_files/AO_wiki_79_8,22,True,"The pallium was quadrangular, shaped like a square, and sat on the shoulders, not unlike the himation.",1372,1474,True
./text_files/AO_wiki_79_8,22,True,"In full evening dress in the Western countries, ladies and gentlemen frequently use the cloak as a fashion statement,",1777,1894,True
./text_files/AO_wiki_79_8,22,True,The King James Version of the Bible has the words recorded a little differently in Luke 6:29:,2641,2735,True
./text_files/AO_wiki_79_8,22,True,"he retained the cloak as part of his outfit, which made such a strong impression that cloaks came to be equated with Count Dracula in nearly all non-historical media depictions of him.",3391,3575,True
./text_files/AO_wiki_79_8,22,True,"Nemean Lion, at the end of Hercules' first labor, might also be seen as an early idea of a magical cloak. This latter was notable because it was said to be impervious to all cutting and impact weapons.",4242,4443,True
