PMCID,ID,Label,Selected Text,Start,End,Valid Prompt
./text_files/BB_wiki_71_61,1077,True,", 12 have never won the Stanley Cup, including",601,647,True
./text_files/BB_wiki_71_61,1077,True,", there are only four franchises that have never reached the Stanley Cup Finals.",958,1038,True
./text_files/BB_wiki_71_61,1077,True,have never made it in franchise history,294,333,True
./text_files/BB_wiki_71_61,1077,True,"are the only team that have never won a playoff series, though they",1842,1909,True
./text_files/BB_wiki_71_61,1077,True,"* Although the Vancouver Canucks have not won a Stanley Cup in their 47 seasons of play (inception of franchise in 1970–71 through to 2017–18), Vancouver has one Stanley Cup to its credit - the Vancouver Millionaires of the Pacific Coast Hockey Association won the Stanley Cup in 1915 prior to the founding of the NHL in 1917.

* While the current Ottawa Senators have never won the Stanley Cup in their 25 seasons of play (inception of franchise in 1992–93 through to 2017–18), Ottawa celebrated 11 Stanley Cup championships with the original era Ottawa Senators, the last one in 1927.

* While neither team called the Winnipeg Jets ever won the Stanley Cup in their combined 24 seasons playing in Winnipeg (as of 2017–18), the city celebrated three Stanley Cup championships by the Winnipeg Victorias, the last in 1902, prior to the founding of the NHL in 1917.",4660,5521,True
