PMCID,ID,Label,Selected Text,Start,End,Valid Prompt
./text_files/HY_wiki_58_162,3062,False,"On 12 February 2014, the BBC confirmed that The Paradise would not return for a third series. They cited that the programme had lower figures than other relatively new dramas such as Death in Paradise, Sherlock and Silk. Furthermore, its ITV rival Mr Selfridge was performing better. The BBC also commented that the show was enjoyable: ""However, in order to make room for new dramas to come through, The Paradise won't be returning.""",615,1048,True
./text_files/HY_wiki_58_162,3062,False,"SERIES 1 (2012)

SERIES 2 (2013)",4292,4323,True
./text_files/HY_wiki_58_162,3062,False,"Series 1 was released by BBC Worldwide in a region 2 three-disc set on 3 December 2012.

Series 2 was released by 2Entertain in a region 2 three-disc set on 9 December 2013.

Series 1 and 2 were released by 2Entertain as a six-disc box set on 9 December 2013.",4708,4965,True
