PMCID,ID,Label,Selected Text,Start,End,Valid Prompt
./text_files/AQ_wiki_99_30,30,True,Reynolds himself would eventually portray the character in the X-Men film series,1003,1084,True
./text_files/AQ_wiki_99_30,30,True,"Nicieza gave Deadpool the real name of ""Wade Wilson",1802,1854,True
./text_files/AQ_wiki_99_30,30,True,"Someone who hasn't paid for their crimes presents a problem for me.""",3438,3506,True
./text_files/AQ_wiki_99_30,30,True,Priest who noted that he found Kelly's issues to be,4396,4449,True
./text_files/AQ_wiki_99_30,30,True,"Simone left the title after seven issues due to creative differences with the series editor, but then returned to conclude with issues 13–15.",5763,5904,True
