PMCID,ID,Label,Selected Text,Start,End,Valid Prompt
./text_files/AP_wiki_11_39,37,True,"U.S. COPYRIGHT LAW

Section::::U.S. copyright law.

Since the Copyright Act of 1909, United States musicians have had the right to record a version of someone else's previously recorded and released tune, whether it is music alone or music with lyrics. A license can be negotiated between representatives of the interpreting artist and the copyright holder, or recording published tunes can fall under a mechanical license whereby the recording artist pays a standard royalty to the original author/copyright holder through an organization such as the Harry Fox Agency, and is safe under copyright law even if they do not have any permission from the original author. A similar service was provided by Limelight by RightsFlow, until January 2015, when they announced they will be closing their service. The U.S. Congress introduced the mechanical license to head off an attempt by the Aeolian Company to monopolize the piano roll market.

Although a composer cannot deny anyone a mechanical license for a new recorded version, the composer has the right to decide who will release the first recording of a song. Bob Dylan took advantage of this right when he refused his own record company the right to release a live recording of ""Mr. Tambourine Man"". Even with this, pre-release cover versions of songs can occasionally occur.

Live performances of copyrighted songs are typically arranged through performing rights organizations such as ASCAP or BMI.",6600,8049,True
