PMCID,ID,Label,Selected Text,Start,End,Valid Prompt
./text_files/EI_wiki_01_146,19,True,"Magnesium citrate works by attracting water through the tissues by a process known as osmosis. Once in the intestine, it can attract enough water into the intestine to induce defecation. The additional water stimulates bowel motility",893,1126,True
./text_files/EI_wiki_01_146,19,True,"As a laxative syrup with a concentration of 1.745 g of magnesium citrate per fluid ounce, a typical dose for adults and children twelve years or older is between , followed immediately with a full glass of water. Consuming an adult dose of 10 oz of laxative syrup",1944,2207,True
./text_files/EI_wiki_01_146,19,True,"Although less common, as a magnesium supplement the citrate form is sometimes used because it is believed to be more bioavailable than other common pill forms, such as magnesium oxide. However, according to one study,",2837,3054,True
./text_files/EI_wiki_01_146,19,True,"Magnesium citrate is generally not a harmful substance, but care should be taken by consulting a healthcare professional if any adverse health problems are suspected or experienced.",3265,3447,True
