PMCID,ID,Label,Selected Text,Start,End,Valid Prompt
./text_files/CA_wiki_95_123,3092,True,"The Deceased Wife's Sister's Marriage Act 1907 (7 Edw.7 c.47) was an Act of the Parliament of the United Kingdom, allowing a man to marry his dead wife's sister, which had previously been forbidden.",44,243,True
./text_files/CA_wiki_95_123,3092,True,"Matthew Boulton married his deceased wife's sister in 1760. He advised silence, secrecy and Scotland, although they married in London; the marriage was opposed by her brother. Similarly Charles Austen, the younger brother of Jane Austen, married his deceased wife's sister in 1820 and remained married to her until he died in 1852.",1136,1467,True
./text_files/CA_wiki_95_123,3092,True,"William Holman Hunt and John Collier, both painters, who married the sisters of their deceased wives in Switzerland and in Norway respectively. However, this was only possible for those who could afford it.",1930,2136,True
./text_files/CA_wiki_95_123,3092,True,"In 1842 a Marriage to a Deceased Wife's Sister Bill was introduced and defeated by strong opposition. ""Although seemingly a minor skirmish, [it] had far-ranging implications and was fought on the political scene almost annually for most of the Victorian period"". Peter Ferriday observed in his biography of Edmund Beckett, 1st Baron Grimthorpe: ""Was there a single eminent Victorian who did not at some time or other announce his views on the 'deceased wife's sister'?",2169,2638,True
./text_files/CA_wiki_95_123,3092,True,"Widowers' desires to marry their sisters-in-law became the subject of particular agitation from the 1860s onwards and strong feelings were roused on both sides. However, it was to be nearly 50 years before the campaign for a change in the law was successful, despite the introduction of draft legislation in Parliament on many occasions. The lengthy nature of the campaign was referred to in the Gilbert and Sullivan opera Iolanthe (1882), in which the Queen of the Fairies sings ""He shall prick that annual blister, marriage with deceased wife's sister"".",2704,3259,True
./text_files/CA_wiki_95_123,3092,True,"Mrs Dinah Maria Craik wrote a book entitled Hannah, published in 1871, which tells the story of a man who, after the loss of his wife, falls in love with her sister when he calls on her to care for his baby daughter.",3260,3477,True
./text_files/CA_wiki_95_123,3092,True,"The Act did exactly what it said and no more; so, for example, it was not until 1921 that the Deceased Brother's Widow's Marriage Act 1921 (11 & 12 Geo.5 c.24) was passed. The Marriage (Prohibited Degrees) Relationship Act 1931 (21 & 22 Geo.5 c.31) extended the operation of the 1907 Act to allow the marriages of nieces and nephews by marriage as well. All three Acts were repealed and replaced by the Marriage Enabling Act 1960 (1960 c.29), which permitted marriage with a relative of a divorced former spouse, as well as of a deceased spouse. (The prohibition on marriage with a divorced wife's sister is the crux of the plot of When the Wind Blows by Cyril Hare (1949).)",3947,4621,True
./text_files/CA_wiki_95_123,3092,True,"The Deceased Brother's Widow's Marriage Act (Northern Ireland) 1924 was passed to remove doubts as to the application of the Deceased Brother's Widow's Marriage Act, 1921, to Northern Ireland.

REFERENCES",4623,4826,True
