PMCID,ID,Label,Selected Text,Start,End,Valid Prompt
./text_files/BV_wiki_85_35,1609,True,"Common soft tissue injuries usually occur from a sprain, strain, a one off blow resulting in a contusion or overuse of a particular part of the body. Soft tissue injuries can result in pain, swelling, bruising and loss of function.",116,347,True
./text_files/BV_wiki_85_35,1609,True,"SPRAINS

Section::::Signs and symptoms.

Section::::Sprains.

A sprain is a type of acute injury which results from the stretching or tearing of a ligament. Depending on the severity of the sprain, the movement on the joint can be compromised since ligaments aid in the stability and support of joints. Sprains are commonly seen in vulnerable areas such as the wrists, knees and ankles. They can occur from movements such as falling on an outstretched hand or a twisting of the ankle or foot.

The severity of a sprain can be classified:

* Grade 1: Only some of the fibers in the ligament are torn, and the injured site is moderately painful and swollen. Function in the joint will be unaffected for the most part.

* Grade 2: Many of the ligament fibers are torn, and pain and swelling is moderate. The functionality of the joint is compromised.

* Grade 3: The soft tissue is completely torn, and functionality and strength on the joint is completely compromised. In most cases, surgery is needed to repair the damage.",367,1381,True
