PMCID,ID,Label,Selected Text,Start,End,Valid Prompt
./text_files/AO_wiki_03_28,21,True,"Spark plugs may also be used for other purposes; in Saab Direct Ignition when they are not firing, spark plugs are used to measure ionization in the cylinders",1036,1195,True
./text_files/AO_wiki_03_28,21,True,"furnaces wherein a combustible fuel/air mixture must be ignited. In this case, they are sometimes referred to as flame igniters.",1384,1512,True
./text_files/AO_wiki_03_28,21,True,"Early patents for spark plugs included those by Nikola Tesla (in for an ignition timing system, 1898), Frederick Richard Simms (GB 24859/1898, 1898) and Robert Bosch",1723,1888,True
./text_files/AO_wiki_03_28,21,True,"Oliver Lodge, who developed and manufactured their father's idea and also to Kenelm Lee Guinness,",2248,2346,True
./text_files/AO_wiki_03_28,21,True,"A spark plug (sometimes, in British English, a sparking plug, and, colloquially, a plug) is a device for delivering electric current from an ignition system to the combustion chamber of a spark-ignition engine to ignite the compressed fuel/air mixture by an electric spark",12,284,True
