PMCID,ID,Label,Selected Text,Start,End,Valid Prompt
./text_files/DB_wiki_52_145,513,True,loosely adapted from the video game of the same name.,69,123,True
./text_files/DB_wiki_52_145,513,True,"The game-to-film enthusiast Uwe Boll gained the rights to a Far Cry movie from Crytek, purportedly before the game was released.",3283,3411,True
./text_files/DB_wiki_52_145,513,True,"Like most other films directed by Uwe Boll, Far Cry received negative reviews with most critics saying it does the games no justice.",3970,4102,True
./text_files/DB_wiki_52_145,513,True,"IGN gave the film a 3 out of 10 and said ""Perhaps one day game companies will learn to be more particular about the directors they choose to realize their products on the big screen. Fans of the game, and fans of movies in general, would be wise to avoid this one at all costs. Unless, of course, your purpose is to mock.""",4103,4425,True
./text_files/DB_wiki_52_145,513,True,"Variety reported that Ubisoft is developing another Far Cry film (based on the video game Far Cry 3) along with a Watch Dogs and Raving Rabbids film, this time, produced by Ubisoft Motion Pictures.",4453,4650,True
./text_files/DB_wiki_52_145,513,True,* List of films based on video games,4660,4696,True
