PMCID,ID,Label,Selected Text,Start,End,Valid Prompt
./text_files/AA_wiki_16_8,2756,True,The Dodo is a fictional character appearing in Chapters 2 and 3 of the book Alice's Adventures in Wonderland by Lewis Carroll (Charles Lutwidge Dodgson),41,193,True
./text_files/AA_wiki_16_8,2756,True,"In this passage Lewis Carroll incorporated references to the original boating expedition of 4 July 1862 during which Alice's Adventures were first told, with Alice as herself, and the others represented by birds: the Lory was Lorina Liddell, the Eaglet was Edith Liddell, the Dodo was Dodgson, and the Duck was Rev. Robinson Duckworth.",723,1058,True
./text_files/AA_wiki_16_8,2756,True,"In Tim Burton's adaptation of Alice in Wonderland, the Dodo's appearance retains the subtle apparent nature from John Tenniel's illustration.",3562,3703,True
./text_files/AA_wiki_16_8,2756,True,"In the Disney film, the Dodo plays a much greater role in the story",1785,1852,True
