PMCID,ID,Label,Selected Text,Start,End,Valid Prompt
./text_files/BU_wiki_14_51,93,True,"In the peripheral nervous system, afferents refer to the axons that relay sensory information into the central nervous system (i.e. the brain and the spinal cord).",384,547,True
./text_files/BU_wiki_14_51,93,True,The cell bodies of sensory neurons known as first-order neurons are located in the dorsal root ganglia.,182,285,True
./text_files/BU_wiki_14_51,93,True,"Two examples where the nerve ending of the distal process is encapsulated as such are, Meissner's corpuscles, which render the distal processes of mechanosensory neurons sensitive to stroking only, and Pacinian corpuscles, which make neurons more sensitive to vibration.",1664,1934,True
./text_files/BU_wiki_14_51,93,True,Proton-sensing G protein-coupled receptors are expressed by DRG sensory neurons and might play a role in acid-induced nociception.,2334,2464,True
./text_files/BU_wiki_14_51,93,True,"The nerve endings of dorsal root ganglion neurons have a variety of sensory receptors that are activated by mechanical, thermal, chemical, and noxious stimuli. In these sensory neurons, a group of ion channels thought to be responsible for somatosensory transduction have been identified. Compression of the dorsal root ganglion by a mechanical stimulus lowers the voltage threshold needed to evoke a response and causes action potentials to be fired. This firing may even persist after the removal of the stimulus.",2529,3044,True
./text_files/BU_wiki_14_51,93,True,The presence of these channels in the posterior root ganglion gives reason to believe that other sensory neurons may contain them as well.,3500,3638,True
./text_files/BU_wiki_14_51,93,True,These channels are found predominantly in smaller sensory neurons in the dorsal root ganglion cells,3794,3893,True
