PMCID,ID,Label,Selected Text,Start,End,Valid Prompt
./text_files/JQ_wiki_25_272,1565,True,"with Gordon Ramsay and Gino D'Campo on Channel 4, entitled Gordon Gino and Fred: Road Trip.",761,852,True
./text_files/JQ_wiki_25_272,1565,True,"along with celebrity chef Michel Roux Jr, co-hosted BBC Two's Michel Roux's Service.",2825,2909,True
./text_files/JQ_wiki_25_272,1565,True,"Gordon, Gino and Fred's Great Christmas Roast, alongside Gordon Ramsay and Gino D'Acampo.",3195,3285,True
./text_files/JQ_wiki_25_272,1565,True,"he was living with his former partner and their two children, but was in a new relationship. In 2018, Sirieix announced he was in a relationship, referring to his partner only as his 'fruitcake'",4989,5183,True
