PMCID,ID,Label,Selected Text,Start,End,Valid Prompt
2655,2655,True,Semiprime numbers have no composite numbers as factors other than themselves.,852,929,True
./text_files/HL_wiki_53_288,810,,n,-1,-1,False
./text_files/AY_wiki_32_56,2655,False,"The original RSA Factoring Challenge was issued in 1991, and was replaced in 2001 by the New RSA Factoring Challenge, which was later withdrawn in 2007",2021,2172,True
./text_files/AY_wiki_32_56,2655,False,These methods rely on the fact that finding two large primes and multiplying them together (resulting in a semiprime) is computationally simple,1674,1817,True
