PMCID,ID,Label,Selected Text,Start,End,Valid Prompt
./text_files/CI_wiki_54_53,2027,True,"He is, to date, the only NFL player to die on the field during a game.",182,252,True
./text_files/CI_wiki_54_53,2027,True,"Suddenly, he dropped to the turf clutching his chest around the 20-yard line. Hughes collapsed near Bears linebacker Dick Butkus, who saw him begin to convulse violently on the field. Butkus motioned to the sideline frantically to get Hughes assistance.

Both teams' doctors and trainers, along with a physician who happened to be attending the game, ran to Hughes to try and save him. An ambulance was called for and arrived to take Hughes to Henry Ford Hospital, where he was pronounced dead at 5:34 pm that afternoon. He was 28 years old. The game was played to its conclusion in front of a now-stunned silent crowd in Tiger Stadium, with the Bears' lead holding. The Lions awaited word of Hughes' condition after the game and the players were informed once word had broken that he was dead.",2423,3217,True
