PMCID,ID,Label,Selected Text,Start,End,Valid Prompt
./text_files/BI_wiki_89_63,49,True,winning three Women's World Cup titles (including the first ever Women's World Cup in 1991),225,317,True
./text_files/BI_wiki_89_63,49,True,(retroactively named the 1991 Women's World Cup),1925,1973,True
./text_files/BI_wiki_89_63,49,True,"In the 2003 FIFA Women's World Cup, the U.S. defeated Norway 1–0 in the quarterfinals, but lost 0–3 to Germany in the semifinals. The team then defeated Canada 3–1 to claim third place. Abby Wambach was the team's top scorer with three goals; Joy Fawcett and Shannon Boxx made the tournament's all-star team.

At the 2007 FIFA Women's World Cup, the U.S. defeated England 3–0 in the quarterfinals but then suffered its most lopsided loss in team history when it lost to Brazil 0–4 in the semifinals. The U.S. recovered to defeat Norway to take third place. Abby Wambach was the team's leading scorer with 6 goals, and Kristine Lilly was the only American named to the tournament's all-star team.",3518,4212,True
./text_files/BI_wiki_89_63,49,True,"Julie Foudy, Kristine Lilly, and the rest of the 1999 team started a revolution towards women's team sports in America. Arguably their most influential and memorable victory came in the 1999 World Cup when they defeated China 5–4 in a penalty shoot-out following a 0–0 draw after extended time.",2274,2568,True
./text_files/BI_wiki_89_63,49,True,"In the quarterfinal of the 2011 Women's World Cup in Germany, the U.S. defeated Brazil 5–3 on penalty kicks. Abby Wambach's goal in the 122nd minute to tie the game 2–2 has been voted the greatest goal in U.S. soccer history and the greatest goal in Women's World Cup history. The U.S. then beat France 3–1 in the semifinal, but lost to Japan 3–1 on penalty kicks in the Final after drawing 1–1 in regulation and 2–2 in overtime. Hope Solo was named the tournament's best goalkeeper and Abby Wambach won the silver ball as the tournament's second best player.

In the 2012 Summer Olympics, the U.S. won the gold medal for the fourth time in five Olympics by defeating Japan 2–1 in front of 80,203 fans at Wembley Stadium, a record for a women's soccer game at the Olympics. The United States advanced to face Japan for the gold medal by winning the semifinal against Canada, a 4–3 victory at the end of extra time. The 2012 London Olympics marked the first time the USWNT won every game en route to the gold medal and set an Olympic women's team record of 16 goals scored.

The National Women's Soccer League started in 2013, and provided competitive games as well as opportunities to players on the fringes of the squad. The U.S. had a 43-game unbeaten streak that spanned two years—the streak began with a 4–0 win over Sweden in the 2012 Algarve Cup, and came to an end after a 1–0 loss against Sweden in the 2014 Algarve Cup.

The USA defeated Japan 5–2 in the final of the 2015 World Cup, becoming the first team in history to win three Women's World Cup titles. In the 16th minute, Carli Lloyd achieved the fastest hat-trick from kick-off in World Cup history, and Abby Wambach was greeted with a standing ovation for her last World Cup match. Following their 2015 World Cup win, the team was honored with a ticker tape parade in New York City, the first for a women's sports team. Sports Illustrated celebrated them with 25 covers of the magazine. President Barack Obama welcomed them to the White House, stating, ""This team taught all of America's children that 'playing like a girl' means you're a badass,"" before going on to say, ""'playing like a girl' means being the best.""

On December 16, 2015, however, a 0–1 loss to China in Wambach's last game meant the team's first home loss since 2004, ending their 104-game home unbeaten streak.

In the 2016 Summer Olympics, the U.S. drew against Sweden in the quarterfinal; in the following penalty kick phase, Sweden won the game 4–3. The loss marked the first time that the USWNT did not advance to the gold medal game of the Olympics, and the first time that the USWNT failed to advance to the semifinal round of a major tournament.

After the defeat in the 2016 Olympics, the USWNT underwent a year of experimentation which saw them losing 3 home games. If not for a comeback win against Brazil, the USWNT was on the brink of losing 4 home games in one year, a low never before seen by the USWNT. 2017 saw the USWNT play 12 games against teams ranked in the top-15 in the world. The USWNT heads into World Cup Qualifying in fall of 2018.",4237,7327,True
./text_files/BI_wiki_89_63,49,True,"U.S. TV coverage for the five Women's World Cups from 1995 to 2011 was provided by ESPN/ABC and Univision, while coverage rights for the three Women's World Cups from 2015 to 2023 were awarded to Fox Sports and Telemundo. In May 2014 a deal was signed to split TV coverage of other USWNT games between ESPN, Fox Sports, and Univision through the end of 2022. The USWNT games in the 2014 CONCACAF Women's Championship and the 2015 Algarve Cup were broadcast by Fox Sports.

The 1999 World Cup final set the original record for largest US television audience for a women's soccer match with 18 million viewers on average and was the most viewed English-language US broadcast of any soccer match until the 2015 FIFA Women's World Cup Final between the United States and Japan.

The 2015 Women's World Cup Final between the USA and Japan was the most watched soccer match – men's or women's – in American broadcast history. It averaged 23 million viewers and higher ratings than the NBA finals and the Stanley Cup finals. The final was also the most watched US-Spanish language broadcast of a FIFA Women's World Cup match in history.

Overall, there were over 750 million viewers for the 2015 FIFA Women's World Cup, making it the most watched Women's World Cup in history. The FIFA Women's World Cup is now the second most watched FIFA tournament, with only the men's FIFA World Cup attracting more viewership.",7404,8808,True
./text_files/BI_wiki_89_63,49,True,"The 1999 World Cup final, in which the USA defeated China, set a world attendance record for a women's sporting event of 90,185 in a sellout at the Rose Bowl in Southern California. The record for Olympic women's soccer attendance was set by the 2012 Olympic final between the USWNT and Japan, with 80,023 spectators at Wembley Stadium.",8843,9179,True
