PMCID,ID,Label,Selected Text,Start,End,Valid Prompt
./text_files/FB_wiki_95_67,67,False,"Capital punishment for juveniles in the United States existed until March 1, 2005, when the U.S. Supreme Court banned it in Roper v. Simmons",55,195,True
./text_files/FB_wiki_95_67,67,False,No one has been under the age of 19 at the time of execution since at least 1964.,1184,1265,True
./text_files/FB_wiki_95_67,67,False,"Since 1642, in the Thirteen Colonies, the United States under the Articles of Confederation, and the United States under the Constitution, an estimated 364 juvenile offenders have been put to death by the individual states (colonies, before 1776) and the federal government.",247,521,True
./text_files/FB_wiki_95_67,67,False,"Due to the slow process of appeals since 1976, none were actually under the age of 18 at the time of execution.",1841,1953,True
./text_files/FB_wiki_95_67,67,False,"In Thompson v. Oklahoma (1988), the U.S. Supreme Court first held unconstitutional imposition of the death penalty for crime committed aged 15 or younger.",1954,2108,True
./text_files/FB_wiki_95_67,67,False,"Sixteen years later, Roper v. Simmons overruled Stanford. Justice Kennedy, who concurred to Scalia's opinion in Stanford, instead wrote the opinion of the court in Roper and became the key vote. Justice O'Connor dissented.",2489,2711,True
./text_files/FB_wiki_95_67,67,False,"Before 2005, of the 38 U.S. states that allow capital punishment:

* 19 states and the federal government had set a minimum age of 18,

* 5 states had set a minimum age of 17, and

* 14 states had explicitly set a minimum age of 16, or were subject to the Supreme Court's imposition of that minimum.",2712,3008,True
./text_files/FB_wiki_95_67,67,False,"At the time of the Roper v. Simmons decision, there were 71 juvenile offenders awaiting execution on death row: 13 in Alabama; four in Arizona; three in Florida; two in Georgia; four in Louisiana; five in Mississippi; one in Nevada; four in North Carolina; two in Pennsylvania; three in South Carolina; 29 in Texas; and one in Virginia. Detailed summaries of each of these offenders can be found here.",3009,3410,True
