PMCID,ID,Label,Selected Text,Start,End,Valid Prompt
./text_files/IQ_wiki_44_1,1025,True,"In 1972, Loretta Lynn became the first female artist to be honored with this award. Barbara Mandrell became the first artist to win twice.",253,392,True
./text_files/IQ_wiki_44_1,1025,True,* Carrie Underwood,721,739,True
./text_files/IQ_wiki_44_1,1025,True,* Miranda Lambert,803,820,True
./text_files/IQ_wiki_44_1,1025,True,* Miranda Lambert,884,901,True
./text_files/IQ_wiki_44_1,1025,True,* Taylor Swift,1010,1024,True
./text_files/IQ_wiki_44_1,1025,True,* Taylor Swift,1089,1103,True
./text_files/IQ_wiki_44_1,1025,True,"* Lady Antebellum

* Miranda Lambert",1200,1235,True
./text_files/IQ_wiki_44_1,1025,True,* Faith Hill,1984,1996,True
./text_files/IQ_wiki_44_1,1025,True,* Dixie Chicks,2074,2088,True
./text_files/IQ_wiki_44_1,1025,True,* Reba McEntire,2411,2426,True
./text_files/IQ_wiki_44_1,1025,True,* Reba McEntire,2491,2506,True
./text_files/IQ_wiki_44_1,1025,True,* Reba McEntire,2571,2586,True
./text_files/IQ_wiki_44_1,1025,True,* Reba McEntire,2633,2648,True
./text_files/IQ_wiki_44_1,1025,True,* Reba McEntire,2709,2724,True
./text_files/IQ_wiki_44_1,1025,True,* Kathy Mattea,2773,2787,True
./text_files/IQ_wiki_44_1,1025,True,* Reba McEntire,2842,2857,True
./text_files/IQ_wiki_44_1,1025,True,"* The Judds

* Reba McEntire",2932,2959,True
./text_files/IQ_wiki_44_1,1025,True,"* The Judds

* Reba McEntire",3009,3036,True
./text_files/IQ_wiki_44_1,1025,True,* The Judds,3086,3097,True
./text_files/IQ_wiki_44_1,1025,True,* Reba McEntire,3189,3204,True
./text_files/IQ_wiki_44_1,1025,True,* Barbara Mandrell,3255,3273,True
./text_files/IQ_wiki_44_1,1025,True,* Barbara Mandrell,3341,3359,True
./text_files/IQ_wiki_44_1,1025,True,* Barbara Mandrell,3409,3427,True
./text_files/IQ_wiki_44_1,1025,True,"* Crystal Gayle

* Barbara Mandrell",3678,3712,True
./text_files/IQ_wiki_44_1,1025,True,* Crystal Gayle,3765,3780,True
./text_files/IQ_wiki_44_1,1025,True,* Dolly Parton,3877,3891,True
./text_files/IQ_wiki_44_1,1025,True,* Dolly Parton,3975,3989,True
./text_files/IQ_wiki_44_1,1025,True,* Loretta Lynn,4026,4040,True
./text_files/IQ_wiki_44_1,1025,True,"* Loretta Lynn

* Olivia Newton-John",4115,4150,True
./text_files/IQ_wiki_44_1,1025,True,* Loretta Lynn,4199,4213,True
./text_files/IQ_wiki_44_1,1025,True,* Loretta Lynn,4342,4356,True
