PMCID,ID,Label,Selected Text,Start,End,Valid Prompt
./text_files/AR_wiki_57_44,46,True,"The turkey vulture (Cathartes aura), also known in some North American regions as the turkey buzzard (or just buzzard), and in some areas of the Caribbean as the John crow or carrion crow, is the most widespread of the New World vultures.",16,255,True
./text_files/AR_wiki_57_44,46,True,The turkey vulture is a scavenger and feeds almost exclusively on carrion.,831,905,True
./text_files/AR_wiki_57_44,46,True,The turkey vulture received its common name from the resemblance of the adult's bald red head and its dark plumage to that of the male wild turkey,1576,1722,True
./text_files/AR_wiki_57_44,46,True,The taxonomic placement of the turkey vulture and the remaining six species of New World vultures has been in flux.,2632,2748,True
./text_files/AR_wiki_57_44,46,True,The turkey vulture species receives special legal protections under the Migratory Bird Treaty Act of 1918 in the United States,16624,16750,True
