PMCID,ID,Label,Selected Text,Start,End,Valid Prompt
./text_files/FR_wiki_97_48,8,True,"An enhanced driver's license (EDL), currently issued by the states of Michigan, Minnesota, New York, Vermont, and Washington, is specifically designed to meet the requirements of the Western Hemisphere Travel Initiative (WHTI)",1737,1963,True
./text_files/FR_wiki_97_48,8,True,"Section::::Enhanced driver's licenses.

An enhanced driver's license (EDL), currently issued by the states of Michigan, Minnesota, New York, Vermont, and Washington, is specifically designed to meet the requirements of the Western Hemisphere Travel Initiative (WHTI) to re-enter the United States via a land or water border. An EDL will also suffice as proof of identity and citizenship for American citizens entering Canada by road.",1698,2130,True
./text_files/FR_wiki_97_48,8,True,"an Enhanced Driver's License,",20323,20353,True
