PMCID,ID,Label,Selected Text,Start,End,Valid Prompt
./text_files/CY_wiki_45_0,2437,True,"The Vice President of the United States is the ex officio President of the Senate, as provided in Article I, Section 3, Clause 4, of the United States Constitution, but may only vote in order to break a tie. According to the U.S. Senate, as of December 11, 2018, a tie-breaking vote had been cast 267 times by 36 vice presidents.",73,402,True
./text_files/CY_wiki_45_0,2437,True,"The first President of the Senate, John Adams, cast 29 tie-breaking votes. He cast his first tie-breaking vote on July 18, 1789.",557,685,True
./text_files/CY_wiki_45_0,2437,True,"In 2001, during the 107th Congress, the Senate was divided 50–50 between Republicans and Democrats and thus Dick Cheney's tie-breaking vote gave the Republicans the Senate majority. However, because the 107th Congress was sworn in on January 3, while the president and vice president were not sworn in until the 20th, Democrats technically held a 51–50 majority in the Senate for the 17 days while Al Gore was still Vice President.",1459,1890,True
./text_files/CY_wiki_45_0,2437,True,or about 5.5 (the mean value: 267 votes divided among 48 Presidents of the Senate).,4197,4280,True
./text_files/CY_wiki_45_0,2437,True,President of the Senate,4351,4374,True
./text_files/CY_wiki_45_0,2437,True,Senate President,4522,4538,True
