PMCID,ID,Label,Selected Text,Start,End,Valid Prompt
./text_files/AT_wiki_37_0,29,True,"Speedway Golf Course hosted a PGA Tour event, the 500 Festival Open Invitation",32214,32292,True
./text_files/AT_wiki_37_0,29,True,"A reconstruction project was completed in 1993, converting the 27-hole layout (18 holes outside, nine in the infield) to an 18-hole championship course designed by legendary golf architect Pete Dye",32477,32674,True
./text_files/AT_wiki_37_0,29,True,"Also on the grounds is the Brickyard Crossing Golf Resort, which originally opened as the Speedway Golf Course in 1929",2121,2239,True
./text_files/AT_wiki_37_0,29,True,"The golf course has 14 holes outside the track, along the backstretch, and four holes in the infield.",2241,2342,True
