PMCID,ID,Label,Selected Text,Start,End,Valid Prompt
./text_files/JC_wiki_30_181,14,True,"In 1926, 65 years before the events of the first Harry Potter film, British wizard and ""magizoologist"" Newt Scamander arrives in New York, en route to Arizona. He encounters Mary Lou Barebone, a non-magical woman",1344,1557,True
./text_files/JC_wiki_30_181,14,True,"Jacob to help search for the missing creatures. After re-capturing two of the three escaped beasts, Tina returns the suitcase to MACUSA. Officials arrest them, believing one of Newt's beasts to be responsible for killing Senator Henry Shaw",2905,3144,True
./text_files/JC_wiki_30_181,14,True,Credence as being a Squib and refuses to teach him magic,4214,4270,True
./text_files/JC_wiki_30_181,14,True,Queenie kisses Jacob goodbye as the rain erases his memories,5432,5492,True
