PMCID,ID,Label,Selected Text,Start,End,Valid Prompt
./text_files/IA_wiki_75_200,1338,True,Expungement in Texas is a legal process through which individuals to seek erasure of an event from their criminal records.,22,144,True
./text_files/IA_wiki_75_200,1338,True,"Texas expungement law allows expungement of arrests which did not lead to a finding of guilt, and class C misdemeanors if the defendant received deferred adjudication, and completed a community supervision. If the defendant was found guilty, pleaded guilty, or pleaded no contest to any offense other than a class ""C"" misdemeanor, it is not eligible for expungement; however, it may be eligible for non-disclosure if deferred adjudication was granted.",179,630,True
./text_files/IA_wiki_75_200,1338,True,"Juvenile offenses potentially eligible for expungement include ""misdemeanor[s] punishable by fine committed prior to the age of 17, [offenses] committed by [minors] under the Alcoholic Beverage Code and [convictions] for Failure to Attend School"" under the Education Code. Disqualifying factors can include multiple convictions and insufficient age.",816,1165,True
./text_files/IA_wiki_75_200,1338,True,"The 76th Texas Legislature rejected a bill that would have expanded access to expungement. The 78th Texas Legislature failed to gain consensus for HB-384, which would have granted automatic expungement in the cases of acquittal, pardoning, or upon dropping of charges. The 82nd Texas Legislature's passing of HB-351 and SB-462 reformed the expungement code to include relief for those convicted but later determined to be innocent.",1573,2004,True
