PMCID,ID,Label,Selected Text,Start,End,Valid Prompt
./text_files/AT_wiki_37_0,29,True,"Constructed in 1909, it is the second purpose-built, banked oval racing circuit after Brooklands and the first to be called a 'speedway'.",406,544,True
./text_files/AT_wiki_37_0,29,True,"A modern infield road course was completed in 2000, incorporating part of the oval, including the main stretch and the southeast turn, measuring . In 2008, and again in 2014, the road course layout was modified to accommodate motorcycle racing,",1062,1307,True
./text_files/AT_wiki_37_0,29,True,"as well as to improve competition. Altogether, the current grounds have expanded from an original on which the speedway was first built to cover an area of over .",1307,1469,True
./text_files/AT_wiki_37_0,29,True,"In addition to the Indianapolis 500, the speedway also hosts NASCAR's Brantley Gilbert Big Machine Brickyard 400 and Lilly Diabetes 250. From 2000 to 2007, the speedway hosted the Formula One United States Grand Prix, and from 2008 to 2015 the Moto GP.",1656,1908,True
./text_files/AT_wiki_37_0,29,True,ndianapolis businessman Carl G. Fisher first envisioned building the speedway in 1905 after assisting friends racing in France and seeing that Europe held the upper hand in automobile design and craftsmanship.,2510,2719,True
