PMCID,ID,Label,Selected Text,Start,End,Valid Prompt
./text_files/GJ_wiki_57_9,3046,True,"laughter, sadness, and mockery, as well as singing and",420,474,True
./text_files/GJ_wiki_57_9,3046,True,"the Robot's catchphrases were ""It does not compute"" and ""Danger, Will Robinson!"",",571,653,True
./text_files/GJ_wiki_57_9,3046,True,"The voice was primarily dubbed by Dick Tufeld,",762,808,True
./text_files/GJ_wiki_57_9,3046,True,Jorge Arvizu for the Spanish dubbing.,848,885,True
./text_files/GJ_wiki_57_9,3046,True,his famous line and,5271,5292,True
