PMCID,ID,Label,Selected Text,Start,End,Valid Prompt
./text_files/BQ_wiki_91_61,2335,True,"Membership has grown to 35 nations, with India joining on 27th of June 2016 adhering to the MTCR Guidelines unilaterally.",1094,1215,True
./text_files/BQ_wiki_91_61,2335,True,"China, India, Iran, Israel, North Korea, and Pakistan continue to advance their missile programs",2885,2981,True
./text_files/BQ_wiki_91_61,2335,True,"* India, 2016",5086,5099,True
./text_files/BQ_wiki_91_61,2335,True,"by the G7 countries: Canada, France, Germany, Italy, Japan, the United Kingdom, and the United States of America.",428,542,True
