PMCID,ID,Label,Selected Text,Start,End,Valid Prompt
./text_files/CG_wiki_07_33,2836,False,"The Ontario Human Rights Code was the first law of its kind in Canada. Before June 15, 1962, various laws dealt with different kinds of discrimination. The Code brought them together into one law and added some new protections.

The Ontario Human Rights Code took effect on June 15, 1962, and it was the first Human Rights Code of its kind in Canada. June 15 was chosen as the proclamation date for the Human Rights Code because it was the 747th anniversary of the signing of the Magna Carta.

The Ontario Human Rights Code of 1962 replaced the province's existing anti-discrimination legislation, including:",437,1044,True
