PMCID,ID,Label,Selected Text,Start,End,Valid Prompt
./text_files/JO_wiki_15_120,2242,True,Cannabis in Ireland is illegal for recreational purposes.,21,78,True
./text_files/JO_wiki_15_120,2242,True,"Use for medical purposes requires case-by-case approval by the Minister for Health. A bill to legalise medical uses of cannabis passed second reading in Dáil Éireann (lower house) in December 2016.

HISTORY

Section::::History.

In the Irish Free State, cannabis and cannabis resin were first prohibited by the Dangerous Drugs Act 1934, which came into force on 1 April 1937. The 1934 act replaced the Dangerous Drugs Act 1920 (a UK act passed before the Free State's creation) and fulfilled the state's obligations under the 1925 revision of the International Opium Convention, which had added Indian hemp to the list of controlled substances, and which was ratified by the Free State in 1931.

Cannabis use increased from the late 1960s. In 1968 the government set up a Working Party on Drug Abuse, whose 1971 report recommended keeping ""the legal and medical status of cannabis"" under review, and that possession of ""a small amount of cannabis"" for personal use should not be punished by imprisonment. The recommendation to place cannabis in a separate legal category from other narcotics was included in the Misuse of Drugs Act 1977, which replaced the 1934 act, and remains in force.",79,1263,True
