PMCID,ID,Label,Selected Text,Start,End,Valid Prompt
./text_files/AA_wiki_46_24,1230,False,"a sacrifice fly is not counted as a time at bat for the batter, though",784,855,True
./text_files/AA_wiki_46_24,1230,False,of not counting a sacrifice fly as an at-bat,911,956,True
./text_files/AA_wiki_46_24,1230,False,where a batter is not charged with a time at bat after putting a ball in play,1066,1144,True
./text_files/AA_wiki_46_24,1230,False,"doesn't affect a player's batting average, it",1238,1283,True
./text_files/AA_wiki_46_24,1230,False,no sacrifice is given and,1899,1925,True
./text_files/AA_wiki_46_24,1230,False,"Batters have not been charged with a time at-bat for a sacrifice hit since 1893, but",4506,4591,True
