PMCID,ID,Label,Selected Text,Start,End,Valid Prompt
./text_files/CS_wiki_97_87,41,True,"New Balance maintains a manufacturing presence in the United States, as well as in the United Kingdom for the European market",300,425,True
./text_files/CS_wiki_97_87,41,True,"n 1906, William J. Riley, British emigrant, founded the New Balance Arch Support Company in the Boston area",1038,1145,True
./text_files/CS_wiki_97_87,41,True,"up with the name ""New Balance"" by observing chickens in his yard and demonstrated the way his arch supports worked by keeping a chicken foot on his office desk",1393,1552,True
./text_files/CS_wiki_97_87,41,True,"Marketing was mostly word-of-mouth or local sports fairs. Sales languished until 1972, when current Chairman Jim Davis bought the company on the day of that year's Boston Marathon",2530,2709,True
./text_files/CS_wiki_97_87,41,True,"During 2016, New Balance opposed the Trans Pacific Partnership and condemned the Obama administration's support for it, arguing that it would hurt their domestic shoe manufacturing (while Nike, which does not manufacture in the US, supported the TPP). Matt Lebretton",4187,4453,True
