PMCID,ID,Label,Selected Text,Start,End,Valid Prompt
./text_files/HF_wiki_21_41,262,True,* Army National Guard (ARNG),2319,2347,True
./text_files/HF_wiki_21_41,262,True,"DEPARTMENT OF THE ARMY

* U.S. Army Criminal Investigation Command (CID)

* U.S. Army Corps of Engineers",2587,2689,True
./text_files/HF_wiki_21_41,262,True,"* Army Digitization Office (ADO)

* Army Medical Department (AMEDD)

* Army Research Laboratory (ARL)

* Army Review Boards Agency (ARBA)

* U.S. Army Financial Management",2898,3065,True
./text_files/HF_wiki_21_41,262,True,of the Army,389,400,True
./text_files/HF_wiki_21_41,262,True,* Army and Air Force Exchange Service,2047,2084,True
./text_files/HF_wiki_21_41,262,True,"553,044 US Army",460,475,True
./text_files/HF_wiki_21_41,262,True,Army,396,400,True
