PMCID,ID,Label,Selected Text,Start,End,Valid Prompt
./text_files/BT_wiki_77_15,3060,True,"In the United States, a designated survivor (or designated successor) is an individual in the presidential line of succession, usually a member of the United States Cabinet, who is arranged to be at a physically distant, secure, and undisclosed location when the President, the Vice President, and the other officials in the line of succession are gathered at a single location, such as during State of the Union addresses and presidential inaugurations.",21,475,True
./text_files/BT_wiki_77_15,3060,True,"possibly the designated survivor, would become the Acting President of the United States under the Presidential Succession Act.",849,977,True
./text_files/BT_wiki_77_15,3060,True,can be chosen as designated survivors.,1154,1193,True
./text_files/BT_wiki_77_15,3060,True,"The designated survivor is provided presidential-level security and transport for the duration of the event. An aide carries a nuclear football with them. However, they are not given a briefing on what to do in the event that the other successors to the presidency are killed.",1194,1470,True
./text_files/BT_wiki_77_15,3060,True,The practice of naming a designated survivor originated during the Cold War with its risk of nuclear attack.,1537,1645,True
./text_files/BT_wiki_77_15,3060,True,United States,1118,1131,True
./text_files/BT_wiki_77_15,3060,True,was designated survivor for the 2010 State of the Union Address given by Barack Obama.,1846,1932,True
./text_files/BT_wiki_77_15,3060,True,named the designated survivor,2077,2108,True
./text_files/BT_wiki_77_15,3060,True,"Had a calamity occurred only in Washington and Clinton remained unharmed, she instead of Donovan would have become Acting President, as the Secretary of State is higher in the line of succession than the Housing and Urban Development Secretary.",2195,2439,True
./text_files/BT_wiki_77_15,3060,True,"Since 2005, members of Congress have also been chosen as legislative designated survivors.",2476,2566,True
./text_files/BT_wiki_77_15,3060,True,"In addition to serving as a rump legislature in the event that all of their colleagues were killed, a surviving Representative and Senator could ascend to the (vacated) offices of Speaker of the House and President Pro Tempore of the Senate, offices that immediately follow the Vice President in the presidential line of succession. However, it is unclear whether a legislative designated survivor not already holding that house's leadership position could assume such a position without previously having been elected to it by a quorum of their respective house.",2567,3130,True
./text_files/BT_wiki_77_15,3060,True,"If such a legislative designated survivor were simultaneously the sitting Speaker or President Pro Tempore – as was the case during the 2005, 2006, and 2007 State of the Union addresses, in which Presidents Pro Tempore Ted Stevens (R-Alaska) and Sen. Robert Byrd (D-West Virginia) were also legislative designated survivors – he or she would become the acting president in the event of the additional deaths of both the president and the vice-president, rather than the presidential designated survivor Cabinet member.",3131,3649,True
./text_files/BT_wiki_77_15,3060,True,"LIST OF SOME DESIGNATED SURVIVORS

Section::::List of some designated survivors.",3650,3729,True
./text_files/BT_wiki_77_15,3060,True,State of the Union Orrin Hatch (R-UT) President Pro Tempore of the Senate,3867,3941,True
./text_files/BT_wiki_77_15,3060,True,"State of the Union

Sonny Perdue

Secretary of Agriculture",3961,4017,True
