PMCID,ID,Label,Selected Text,Start,End,Valid Prompt
./text_files/BX_wiki_34_22,39,True,"The Golden Compass is a 2007 fantasy adventure film based on Northern Lights, the first novel in Philip Pullman's trilogy His Dark Materials",27,167,True
./text_files/BX_wiki_34_22,39,True,"The story takes place in an alternate world dominated by a powerful church called the Magisterium, and where part of the spirit resides outside a person as an animal companion called a dæmon",1657,1847,True
./text_files/BX_wiki_34_22,39,True,"esteemed explorer and scholar Lord Asriel (Daniel Craig), is busy seeking the elusive Dust,",2076,2167,True
./text_files/BX_wiki_34_22,39,True,"The college gives Asriel a grant to fund another expedition that could lead to the discovery of the infinite worlds linked by Dust, which would severely undermine the Magisterium's hold on the world.",2560,2759,True
