PMCID,ID,Label,Selected Text,Start,End,Valid Prompt
./text_files/BD_wiki_26_59,2332,True,found in the cool to temperate waters of the North Atlantic Ocean.,123,189,True
./text_files/BD_wiki_26_59,2332,True,close to the Newfoundland shores,1627,1659,True
./text_files/BD_wiki_26_59,2332,True,of Iceland,1685,1695,True
./text_files/BD_wiki_26_59,2332,True,The species is endemic to the North Atlantic Ocean.,3214,3265,True
./text_files/BD_wiki_26_59,2332,True,"Newfoundland and Cape Cod, the triangular area of sea between the United Kingdom, Iceland and Greenland and the North Sea.",3333,3456,True
./text_files/BD_wiki_26_59,2332,True,South Carolina,3626,3640,True
./text_files/BD_wiki_26_59,2332,True,Norway and Newfoundland.,3833,3857,True
./text_files/BD_wiki_26_59,2332,True,from the Faroe Islands,3937,3960,True
./text_files/BD_wiki_26_59,2332,True,The North and Baltic Sea,4463,4487,True
./text_files/BD_wiki_26_59,2332,True,British and Irish populations,4939,4968,True
./text_files/BD_wiki_26_59,2332,True,"Baltic, North East Atlantic, Irish and North Seas (ASCOBANS).",5151,5212,True
