PMCID,ID,Label,Selected Text,Start,End,Valid Prompt
./text_files/BC_wiki_04_18,1136,True,"and the three Game Boy Color games (Pokémon Gold, Silver, and Crystal).",733,805,True
./text_files/BC_wiki_04_18,1136,True,The Japanese edition also featured the capability to use the Pokémon Mobile System from Pokémon Crystal.,978,1082,True
./text_files/BC_wiki_04_18,1136,True,and Crystal,4135,4148,True
./text_files/BC_wiki_04_18,1136,True,"In Japan, through use of the mobile phone adapter bundled with copies of Crystal, the player could access a ""Mobile Stadium"" game mode in which the player battled other players downloaded from the mobile phone service in a tournament.",4285,4519,True
