PMCID,ID,Label,Selected Text,Start,End,Valid Prompt
./text_files/CN_wiki_72_126,2905,True,A fidelity bond is a form of insurance protection that covers policyholders for losses that they incur as a result of fraudulent acts by specified individuals. It usually insures a business for losses caused by the dishonest acts of its employees.,15,262,True
./text_files/CN_wiki_72_126,2905,True,"While called bonds, these obligations to protect an employer from employee-dishonesty losses are really insurance policies.",263,386,True
./text_files/CN_wiki_72_126,2905,True,"These insurance policies protect from losses of company monies, securities, and other property from employees who have a manifest intent to i) cause the company to sustain a loss and ii) obtain an improper financial benefit, either for themselves or another party. There are also many other coverage extensions available through the purchase of additional insuring agreements.",387,764,True
./text_files/CN_wiki_72_126,2905,True,"These are common to most crime insurance policies (burglary, fire, general theft, computer theft, disappearance, fraud, forgery, etc.) and are designed to further protect specific company assets.",764,959,True
./text_files/CN_wiki_72_126,2905,True,"There are two types of fidelity bonds: first-party and third-party. First-party fidelity bonds protect businesses against intentionally wrongful acts (fraud, theft, forgery, etc.) committed by employees of that business. Third-party fidelity bonds protect businesses against intentionally wrongful acts committed by people working for them on a contract basis (e.g., consultants or independent contractors).",1058,1465,True
./text_files/CN_wiki_72_126,2905,True,* Commercial Crime Policy,2776,2801,True
./text_files/CN_wiki_72_126,2905,True,* Commercial Crime Policy for Public Entities,2802,2847,True
./text_files/CN_wiki_72_126,2905,True,"Also known as Business Email Compromise or Impersonation Fraud (and by a variety of other names), this fraud typically involves someone close to the insured company (an employee, an executive, a vendor or a client) being impersonated - often quite convincingly - and tricking the company into transferring funds to the fraudster",3187,3515,True
./text_files/CN_wiki_72_126,2905,True,"In Australia, this type of employer protection is usually called employee dishonesty insurance coverage. (Other names, such as ""Fidelity Cover"" may also be used by specific insurance agencies or brokers.)",4495,4699,True
./text_files/CN_wiki_72_126,2905,True,"In the United Kingdom, this type of employee dishonesty insurance is called fidelity guarantee insurance coverage.",4742,4856,True
