PMCID,ID,Label,Selected Text,Start,End,Valid Prompt
./text_files/AP_wiki_11_39,37,True,"Before the onset of rock 'n' roll in the 1950s,",221,268,True
./text_files/AP_wiki_11_39,37,True,"The term ""cover"" goes back decades when cover version originally described a rival version of a tune recorded to compete with the recently released (original) version. The Chicago Tribune described the term in 1952: ""trade jargon meaning to record a tune that looks like a potential hit on someone else's label""",1584,1895,True
./text_files/AP_wiki_11_39,37,True,"The Iron Maidens and Glory Days are dedicated to playing the music of ABBA, Led Zeppelin",3725,3813,True
./text_files/AP_wiki_11_39,37,True,evivalist artists or bands are performers who are inspired by an entire genre of music and dedicate themselves to curating and recreating the genre,5567,5714,True
