PMCID,ID,Label,Selected Text,Start,End,Valid Prompt
./text_files/DF_wiki_97_49,2505,False,Morton's toe is the condition of a shortened first metatarsal in relation to the second metatarsal.,14,113,True
./text_files/DF_wiki_97_49,2505,False,The metatarsal bones behind the toes vary in relative length.,148,209,True
./text_files/DF_wiki_97_49,2505,False,"But in Morton's foot, the line has to bend more sharply to go through the base of the big toe, as shown in the diagram. This is because the first metatarsal, behind the big toe, is short compared to the second metatarsal, next to it. The longer second metatarsal puts the joint at the base of the second toe (the second metatarsal-phalangeal, or MTP, joint) further forward.",299,673,True
./text_files/DF_wiki_97_49,2505,False,"If the big toe and the second toe are the same length (as measured from the MPT joint to the tip, including only the phalanges), then the second toe will protrude farther than the big toe, as shown in the photo. If the second toe is shorter than the big toe, the big toe may still protrude the furthest, or there may be little difference, as shown in the X-ray.",674,1035,True
./text_files/DF_wiki_97_49,2505,False,"The first metatarsal head would normally bear the majority of a person's body weight during the propulsive phases of gait, but because the second metatarsal head is farthest forward, the force is transferred there.",1216,1431,True
./text_files/DF_wiki_97_49,2505,False,"For instance, wearing shoes with a profile that does not accommodate a longer second toe may cause foot pain. A small (80-person) study found no statistically significant difference in the frequency of longer second toes between people with and without ingrown toenails, but tight and ill-fitting shoes are generally considered to increase the risk of ingrown toenails, and shoes are often too tight on the toes.",1595,2007,True
./text_files/DF_wiki_97_49,2505,False,"Restoring the Morton's toe to normal function with proprioceptive orthotics can help alleviate numerous problems of the feet such as metatarsalgia, hammer toes, bunions, Morton's neuroma, plantar fasciitis and general fatigue of the feet.",2335,2574,True
./text_files/DF_wiki_97_49,2505,False,"Morton's toe is a minority variant of foot shape. Its recorded prevalence varies in different populations, with estimates from 2.95% to 22%.",3038,3178,True
./text_files/DF_wiki_97_49,2505,False,"The name derives from American orthopedic surgeon Dudley Joy Morton (1884–1960), who originally described it as part of Morton's triad (a.k.a. Morton's syndrome or Morton's foot syndrome): a congenital short first metatarsal bone, a hypermobile first metatarsal segment and calluses under the second and third metatarsals.",3211,3533,True
./text_files/DF_wiki_97_49,2505,False,"Morton's toe, especially the second-toe-is-longer versions, has a long association with disputed anthropological and ethnic interpretations. Morton called it Metatarsus atavicus, considering it an atavism recalling prehuman grasping toes.",3789,4027,True
./text_files/DF_wiki_97_49,2505,False,"In statuary and shoe fitting, a more-protuberant second toe has been called the Greek foot (as opposed to the Egyptian foot, where the great toe is longer).",4027,4185,True
