PMCID,ID,Label,Selected Text,Start,End,Valid Prompt
./text_files/GQ_wiki_94_184,27,True,A new engine is broken in by following specific driving guidelines during the first few hours of its use. The focus of breaking in an engine is on the contact between the piston rings of the engine and the cylinder wall.,624,845,True
./text_files/GQ_wiki_94_184,27,True,"PREPARATION

Section::::Preparation.",2926,2961,True
./text_files/GQ_wiki_94_184,27,True,(which would require the pistons to be removed and wall fixed).,3807,3872,True
./text_files/GQ_wiki_94_184,27,True,(or stand),4871,4882,True
./text_files/GQ_wiki_94_184,27,True,"(with automotive engines being the prime example), the time it takes to complete break-in procedures has decreased significantly from a number of days to a few hours,",5672,5838,True
