PMCID,ID,Label,Selected Text,Start,End,Valid Prompt
./text_files/ER_wiki_90_126,1174,True,"Michigan made a substantial contribution to the Union during the American Civil War. While the state itself was far removed from the combat theaters of the war, Michigan supplied a large number of troops and several generals, including George Armstrong Custer. When, at the beginning of the war, Michigan was asked to supply no more than four regiments, Governor Austin Blair sent seven.",36,423,True
./text_files/ER_wiki_90_126,1174,True,"Secretary of State Lewis Cass of Michigan, a 78-year-old elder statesman who has been Michigan's U.S. senator and governor of Michigan Territory, resigned from Buchanan's cabinet in protest, remarking that ""he had seen the Constitution born and now feared he was seeing it die"".",573,851,True
./text_files/ER_wiki_90_126,1174,True,"Outgoing Governor Moses Wisner delivered a speech to a Michigan Legislature in defense of the Union and the Constitution, stating: ""This is no time for timid and vacillating councils, when the cry of treason and rebellion is ringing in our ears."" On January 2, 1861, Austin Blair was sworn in as governor, vowing strong action to maintain the Union and punish secession. The Legislature was also firmly pro-Union; when Virginia invited Michigan to send delegates to the Washington Peace Conference, the Legislature passed a refusal resolution stating that ""concessions and compromise are not to be entertained or offered to traitors.""",934,1568,True
./text_files/ER_wiki_90_126,1174,True,"At the beginning of the Civil War, regiments from Michigan were raised to answer Lincoln's call for men. The first volunteers from Michigan were mustered into the Army as the 1st Michigan Infantry on May 1, 1861. On May 16, the regiment arrived in Washington; Lincoln was said to have exclaimed ""Thank God for Michigan!"" upon the troops' arrival.",1625,1971,True
./text_files/ER_wiki_90_126,1174,True,"Michigan raised a total of 30 infantry regiments, eleven cavalry regiments, one light artillery regiment, two light batteries, two companies of sharpshooters, and the 1st Michigan Engineers. According to Frederick H. Dyer, a total of 14,753 officers and men from Michigan died during the war, but a ""Roll of Honor"" prepared upon order of the Michigan Legislature in 1869 contains 14,855 names.",2161,2554,True
./text_files/ER_wiki_90_126,1174,True,"Among the more celebrated units was the 24th Michigan Volunteer Infantry, which, as a part of the famed Iron Brigade, suffered considerable losses at the Battle of Gettysburg while defending McPherson's Ridge. George Armstrong Custer's ""Michigan Wolverine"" Cavalry effectively battled J.E.B. Stuart at Gettysburg on the East Cavalry Field.",2555,2894,True
./text_files/ER_wiki_90_126,1174,True,"14,753 Michigan soldiers died in service, roughly one of every six who served. A total of 4,448 of these deaths were combat deaths while the rest, over 10,000, were from disease, a constant fear in crowded army camps with poor food, sanitation and exposure issues and pre-modern medicine. Michigan suffered the sixth-highest losses among the Union states (the non-state U.S. Colored Troops losses also exceeded Michigan's).",3244,3667,True
./text_files/ER_wiki_90_126,1174,True,Michigan actively participated in the American Civil War sending thousands of volunteers,3700,3788,True
