PMCID,ID,Label,Selected Text,Start,End,Valid Prompt
./text_files/AM_wiki_43_202,40,True,"The landing is celebrated as ""Columbus Day"" in the United States but the name varies on the international spectrum.",676,792,True
./text_files/AM_wiki_43_202,40,True,"UNITED STATES OBSERVANCE

HISTORY

Section::::United States observance.

Section::::History.

Celebration of Christopher Columbus's voyage in the early United States is recorded from as early as 1792. The Tammany Society in New York City (for whom it became an annual tradition) and the Massachusetts Historical Society in Boston celebrated the 300th anniversary of Columbus' landing in the New World. President Benjamin Harrison called upon the people of the United States to celebrate Columbus's landing in the New World on the 400th anniversary of the event. During the anniversary in 1892, teachers, preachers, poets and politicians used rituals to teach ideals of patriotism. These rituals took themes such as citizenship boundaries, the importance of loyalty to the nation, and the celebration of social progress.

Many Italian-Americans observe Columbus Day as a celebration of their heritage, and the first such celebration was held in New York City on October 12, 1866. The day was first enshrined as a legal holiday in the United States through the lobbying of Angelo Noce, a first generation Italian, in Denver. The first statewide holiday was proclaimed by Colorado governor Jesse F. McDonald in 1905, and it was made a statutory holiday in 1907. In April 1934, as a result of lobbying by the Knights of Columbus and New York City Italian leader Generoso Pope, Congress and President Franklin Delano Roosevelt proclaimed October 12 be a federal holiday under the name Columbus Day.

Since 1971 (Oct. 11), the holiday has been attributed to the second Monday in October, coincidentally exactly the same day as Thanksgivingin neighboring Canada since 1957. It is generally observed nowadays by banks, the bond market, the U.S. Postal Service, other federal agencies, most state government offices, many businesses, and most school districts. Some businesses and some stock exchanges remain open, and some states and municipalities abstain from observing the holiday. The traditional date of the holiday also adjoins the anniversary of the United States Navy (founded October 13, 1775), and thus both occasions are customarily observed by the Navy and the Marine Corps with either a 72- or 96-hour liberty period.",1463,3679,True
./text_files/AM_wiki_43_202,40,True,"LOCAL OBSERVANCE OF COLUMBUS DAY

Section::::Local observance of Columbus Day.

Actual observance varies in different parts of the United States, ranging from large-scale parades and events to complete non-observance. Most states celebrate Columbus Day as an official state holiday, though many mark it as a ""Day of Observance"" or ""Recognition"" and at least four do not recognize it at all. Most states that celebrate Columbus Day will close state services, while others operate as normal.

San Francisco claims the nation's oldest continuously existing celebration with the Italian-American community's annual Columbus Day Parade, which was established by Nicola Larco in 1868, while New York City boasts the largest, with over 35,000 marchers and one million viewers.

As in the mainland United States, Columbus Day is a legal holiday in the U.S. territory of Puerto Rico. In the United States Virgin Islands, the day is celebrated as both Columbus Day and ""Puerto Rico Friendship Day.""

Virginia also celebrates two legal holidays on the day, Columbus Day and Yorktown Victory Day, which honors the final victory at the Siege of Yorktown in the Revolutionary War.

NON-OBSERVANCE

Section::::Non-observance.

The celebration of Columbus Day in the United States began to decline at the end of the 20th century, although many Italian-Americans, and others, continue to champion it. The states of Florida, Hawaii, Alaska, Vermont, and South Dakota, do not recognize it and have each replaced it with celebrations of Indigenous People's Day (in Hawaii, Discoverers' Day, in South Dakota, Native American Day). In the state of Oregon, Columbus Day is not an official holiday.

Iowa and Nevada do not celebrate Columbus Day as an official holiday, but the states' respective governors are ""authorized and requested"" by statute to proclaim the day each year. Several states have removed the day as a paid holiday for state government workers, while still maintaining it—either as a day of recognition, or as a legal holiday for other purposes, including California and Texas.

U.S. cities that officially eschew Columbus Day to celebrate Indigenous Peoples' Day, began with Berkeley, California in 1992 and, as of 2018, include Austin, Boise, Cincinnati, Denver, Los Angeles, Mankato, Minnesota, Portland, Oregon, San Francisco, Santa Fe, New Mexico, Seattle, St. Paul, Minnesota, Tacoma, and ""dozens of others."" Columbus, Ohio has chosen to honor veterans instead of Christopher Columbus, and removed Columbus Day as a city holiday. Various tribal governments in Oklahoma designate the day as Native American Day, or name it after their own tribe.",3680,6315,True
./text_files/AM_wiki_43_202,40,True,"A second strain of criticism of Columbus Day focuses on the character of Columbus himself. In time for the 2004 observation of the day, the final volume of a compendium of Columbus-era documents was published by the University of California, Los Angeles's Medieval and Renaissance Center. It stated that Columbus, while a brilliant mariner, exploited and enslaved the indigenous population.",18284,18674,True
./text_files/AM_wiki_43_202,40,True,"The following summer, in Davis, California, more than a hundred Native Americans gathered for a follow-up meeting to the Quito conference.",20510,20649,True
