PMCID,ID,Label,Selected Text,Start,End,Valid Prompt
./text_files/AO_wiki_79_8,22,True,"Ancient Greeks and Romans were known to wear cloaks. Greek men and women wore the himation, from the Archaic through the Hellenistic periods (c. 750-30 BC). Romans would later wear the Greek-styled cloak, the pallium. The pallium was quadrangular, shaped like a square, and sat on the shoulders, not unlike the himation.",1154,1474,True
./text_files/AO_wiki_79_8,22,True,"According to the King James Version of the Bible, Matthew recorded Jesus of Galilee saying in Matthew 5:40:",2437,2545,True
./text_files/AO_wiki_79_8,22,True,"Figuratively, a cloak may be anything that disguises or conceals something. In many science fiction worlds such as Star Trek, there are cloaking devices, which provide a way to avoid detection or to make objects appear invisible.",4474,4703,True
./text_files/AO_wiki_79_8,22,True,"Ashelford, Jane: The Art of Dress: Clothing and Society 1500-1914, Abrams, 1996.",5265,5345,True
