PMCID,ID,Label,Selected Text,Start,End,Valid Prompt
./text_files/DC_wiki_22_123,782,False,The Honda CRF series is a line of four-stroke motocross and trail motorcycles manufactured and marketed by Honda.,18,131,True
./text_files/DC_wiki_22_123,782,False,single-cylinder four-stroke engines that are available from 149 cc to 449 cc.,268,346,True
./text_files/DC_wiki_22_123,782,False,"Simple, air-cooled 4-stroke motorcycles.",1753,1794,True
./text_files/DC_wiki_22_123,782,False,These liquid-cooled four-stroke machines were designed to be utilized purely for closed-course motorcross racing.,1906,2019,True
./text_files/DC_wiki_22_123,782,False,It shares a liquid-cooled 249 cc 4-stroke DOHC single-cylinder EFI engine with the CBR250R.,3741,3832,True
./text_files/DC_wiki_22_123,782,False,It shares an air-cooled 149 cc 4-stroke SOHC single-cylinder EFI engine with the Verza.,3939,4026,True
