PMCID,ID,Label,Selected Text,Start,End,Valid Prompt
./text_files/AK_wiki_93_40,2762,True,the beginning of the large intestine,134,170,True
./text_files/AK_wiki_93_40,2762,True,ascending colon of the large intestine,348,386,True
./text_files/AK_wiki_93_40,2762,True,dead-end pouch forming a part of the large intestine,807,859,True
./text_files/AK_wiki_93_40,2762,True,intestinum,1359,1369,True
./text_files/AK_wiki_93_40,2762,True,"""blind intestine""",1389,1406,True
./text_files/AK_wiki_93_40,2762,True,small intestines,1678,1694,True
./text_files/AK_wiki_93_40,2762,True,The junction between the small intestine and the colon,1850,1904,True
./text_files/AK_wiki_93_40,2762,True,the end of the small intestine,2312,2342,True
./text_files/AK_wiki_93_40,2762,True,dorsal side of the large intestine,3303,3337,True
