PMCID,ID,Label,Selected Text,Start,End,Valid Prompt
./text_files/BX_wiki_87_88,143,True,"Ocular dominance, sometimes called eye preference or eyedness, is the tendency to prefer visual input from one eye to the other.",18,146,True
./text_files/BX_wiki_87_88,143,True,Approximately two-thirds of the population are right-eye dominant and one-third left-eye dominant,596,693,True
./text_files/BX_wiki_87_88,143,True,"Ocular dominance is an important consideration in predicting patient satisfaction with monovision correction in cataract surgery refractive surgery, also laser eye surgery, and contact lens wear.",2379,2574,True
./text_files/BX_wiki_87_88,143,True,The dominant eye has more neural connections to the brain than the other eye does.,2575,2657,True
./text_files/BX_wiki_87_88,143,True,"A person's dominant eye ""is determined by subjective alignment of two objects presented at a stereodisparity far beyond Panum's area"".",3348,3482,True
