PMCID,ID,Label,Selected Text,Start,End,Valid Prompt
./text_files/BX_wiki_87_88,143,True,the dominant eye and,241,261,True
./text_files/BX_wiki_87_88,143,True,"Approximately two-thirds of the population are right-eye dominant and one-third left-eye dominant; however, in a small portion of the population neither eye is dominant. Dominance does appear to change depending upon direction of gaze due to image size changes on the retinas. There also appears to be a higher prevalence of left-eye dominance in those with Williams–Beuren syndrome, and possibly in migraine sufferers as well. Eye dominance has been categorized as ""weak"" or ""strong""; highly profound cases are sometimes caused by amblyopia or strabismus.",596,1152,True
./text_files/BX_wiki_87_88,143,True,"This is because both hemispheres control both eyes, but each one takes charge of a different half of the field of vision, and therefore a different half of both retinas (See Optic Tract for more details).",301,505,True
./text_files/BX_wiki_87_88,143,True,"In those with anisometropic myopia (different amounts of nearsightedness between the two eyes), the dominant eye has typically been found to be the one with more myopia. As far as regards subjects with normal binocular vision, the widespread notion that the individual's better-sighted eye would tend to be the dominant eye has been challenged as lacking empirical basis.",1153,1524,True
./text_files/BX_wiki_87_88,143,True,"In normal binocular vision there is an effect of parallax, and therefore the dominant eye is the one that is primarily relied on for precise positional information. This may be extremely important in sports which require aim, such as archery, darts or shooting sports.",1553,1821,True
./text_files/BX_wiki_87_88,143,True,It has been asserted that cross-dominance (in which the dominant eye is on one side and the dominant hand is on the other) is advantageous,1822,1960,True
./text_files/BX_wiki_87_88,143,True,"Similarly, in 2005, a South African study found that ""cricketers were not more likely to have crossed dominance"" than the normal population.",2238,2378,True
./text_files/BX_wiki_87_88,143,True,"Ocular dominance is an important consideration in predicting patient satisfaction with monovision correction in cataract surgery refractive surgery, also laser eye surgery, and contact lens wear.",2379,2574,True
./text_files/BX_wiki_87_88,143,True,"The dominant eye has more neural connections to the brain than the other eye does. According to a sixty-person study in the Proceedings of the Royal Society B, in non-dyslexic people, the blue cone-free spot in the dominant eye tends to be round and the same spot in the non-dominant eye tends to be unevenly shaped; in dyslexic people both eyes tend to have round areas.",2575,2946,True
./text_files/BX_wiki_87_88,143,True,"A person's dominant eye ""is determined by subjective alignment of two objects presented at a stereodisparity far beyond Panum's area"".",3348,3482,True
./text_files/BX_wiki_87_88,143,True,(i.e. the dominant eye).,3827,3851,True
./text_files/BX_wiki_87_88,143,True,(i.e. the dominant eye).,4125,4149,True
./text_files/BX_wiki_87_88,143,True,(i.e. the dominant eye).,4530,4554,True
./text_files/BX_wiki_87_88,143,True,The subject fixates an object that is moved toward the nose until divergence of one eye occurs (i.e. the non-dominant eye). It is an objective test of ocular dominance,4593,4760,True
./text_files/BX_wiki_87_88,143,True,This is the dominant eye.,5133,5158,True
