PMCID,ID,Label,Selected Text,Start,End,Valid Prompt
./text_files/CJ_wiki_03_97,47,True,"As of October 2008, a condor (four under par) hole-in-one on a par 5 hole had been recorded on four occasions",3767,3876,True
./text_files/CJ_wiki_03_97,47,True,A horseshoe-shaped par 5 hole once enabled a condor hole in one to be achieved with a 3-iron club.,3980,4078,True
./text_files/CJ_wiki_03_97,47,True,"The longest recorded straight drive hole-in-one is believed to be , on the par 5 No. 9 hole at Green Valley Ranch Golf Club in Denver in 2002",4079,4220,True
./text_files/CJ_wiki_03_97,47,True,None of these four par 5 holes-in-one were achieved during a professional tournament.,4270,4355,True
