PMCID,ID,Label,Selected Text,Start,End,Valid Prompt
./text_files/AR_wiki_57_44,46,True,TURKEY VULTURE,1,15,True
./text_files/AR_wiki_57_44,46,True,turkey vulture,20,34,True
./text_files/AR_wiki_57_44,46,True,turkey vulture,330,344,True
./text_files/AR_wiki_57_44,46,True,turkey vulture,835,849,True
./text_files/AR_wiki_57_44,46,True,turkey vulture,2578,2592,True
./text_files/AR_wiki_57_44,46,True,turkey vulture,1580,1594,True
./text_files/AR_wiki_57_44,46,True,turkey vulture,2663,2677,True
./text_files/AR_wiki_57_44,46,True,turkey vulture,4820,4834,True
./text_files/AR_wiki_57_44,46,True,turkey vulture,4038,4052,True
./text_files/AR_wiki_57_44,46,True,turkey vulture,3703,3717,True
./text_files/AR_wiki_57_44,46,True,turkey vultures,5375,5390,True
./text_files/AR_wiki_57_44,46,True,turkey vulture,5335,5349,True
./text_files/AR_wiki_57_44,46,True,turkey vultures,8002,8017,True
./text_files/AR_wiki_57_44,46,True,turkey vulture,11844,11858,True
./text_files/AR_wiki_57_44,46,True,turkey vulture,15284,15298,True
./text_files/AR_wiki_57_44,46,True,Turkey Vulture,17508,17522,True
