PMCID,ID,Label,Selected Text,Start,End,Valid Prompt
./text_files/CV_wiki_18_11,1564,True,"The story features the fictional ocean liner Titan, which sinks in the North Atlantic after striking an iceberg. Titan and its sinking have been noted to be very similar to the real-life passenger ship , which sank fourteen years later.",152,388,True
./text_files/CV_wiki_18_11,1564,True,"Although the novel was written before the RMS Titanic was even conceptualized, there are some uncanny similarities between both the fictional and real-life versions.",2109,2274,True
./text_files/CV_wiki_18_11,1564,True,"Like the Titanic, the fictional ship sank in April in the North Atlantic, and there were not enough lifeboats for all the passengers.",2275,2408,True
./text_files/CV_wiki_18_11,1564,True,"There are also similarities between the size ( long for Titan versus long for the Titanic), speed (25 knots for Titan, 22.5 knots for Titanic) and life-saving equipment.",2409,2578,True
./text_files/CV_wiki_18_11,1564,True,"Similarities between the Titanic and the fictional Titan include:

* Similar names of the ships

* Both were described as the largest craft afloat and the greatest of the works of men

* The Titan was 800 feet long, displacing 75,000 tons (up from 45,000 in the 1898 edition).

* The Titanic was 882 feet long, displacing 46,000 tons.

* Described as ""unsinkable""

* Had triple screw (propeller)

* Shortage of lifeboats

* The Titan carried ""as few as the law allowed"", 24 lifeboats, which could carry ""less than half"" of her total complement of 3,000.

* The Titanic carried only 16 lifeboats (plus 4 Engelhardt folding lifeboats).

* Struck an iceberg

* The Titan, moving at 25 knots, struck an iceberg on the starboard side on a night of April, in the North Atlantic, from Newfoundland (Terranova).

* The Titanic, moving at 22½ knots, struck an iceberg on the starboard side on the night of April 14, 1912, in the North Atlantic, from Newfoundland (Terranova).

* Sinking

* The Titan sank, and the majority of her 2,500 passengers and crew died; only 13 survived.

* The Titanic sank, and 1,523 of her 2,200 passengers and crew died; 705 survived.",2579,-37,True
